,BM,OU,EB,JN,NIG,VG,BMJN,BMNIG,BMVG
1002-84-2,0,0,0,0.998699963,0.001300037,1.07E-87,1.25E-42,0,0
10032-13-0,0,0,0,1,0,3.70E-189,3.85E-87,0,3.72E-203
100-49-2,0,0,0,2.74E-17,0,8.48E-174,1,0,1.24E-279
100-51-6,0,0,0,2.45E-87,1.62E-12,4.49E-100,1,0,0
100-52-7,0,0,0,2.61E-71,0,6.23E-139,1,0,9.82E-96
10147-41-8,0,0,0,1,0,4.75E-56,0,0,0
101-86-0,1.63E-49,2.96E-93,4.81E-48,3.03E-243,9.01E-263,1,0,0,0
10192-32-2,0,0,0,0.999999999,0,3.25E-48,5.34E-50,0,1.33E-09
10198-23-9,0,0,0,2.48E-08,1.52E-95,1.38E-216,0.999999975,2.81E-267,0
10208-80-7,9.02E-198,3.43E-198,3.32E-198,3.92E-05,9.59E-135,0.999960809,9.16E-160,3.53E-135,5.79E-37
10219-71-3,0,0,0,2.36E-29,7.10E-229,0,0,0,1
103-36-6,0,0,0,0.068871978,0,1.59E-76,0.931128022,0,2.66E-210
1033849-22-7,0,0,0,6.62E-40,0,1.52E-109,1,0,0
103-45-7,1.05E-212,6.64E-222,0,7.75E-298,1.26E-161,1,6.68E-220,0,0
104-21-2,0,0,0,1,2.96439387504748e-323,1.81E-129,2.42E-33,0,0
104245-48-9,0,0,0,5.32E-96,0,1,6.54E-266,0,5.33E-112
104-46-1,0,0,0,1.07E-37,0.999998088,3.20E-200,1.91E-06,8.73E-120,3.06E-130
104-61-0,0,0,0,1,0,5.20E-40,4.39E-31,0,0
104-76-7,1,5.02E-15,4.01E-36,1.02E-56,0,7.33E-75,0,0,1.10E-147
10486-19-8,0,0,0,0.988580487,6.98E-100,3.82E-45,0.011419513,3.00E-215,2.83E-56
105661-29-8,0,0,0,1,0,1.12E-216,2.62E-129,0,8.18E-104
105-87-3,0,0,0,0,0,1,0,0,0
106-22-9,0,0,0,1,0,4.68E-44,1.66E-19,6.39E-184,1.04E-105
106-23-0,0,0,0,5.07E-23,0,6.58E-104,1,1.81E-222,1.03E-236
106-24-1,0,0,0,1,9.81E-168,4.20E-41,4.69E-72,4.08E-232,4.01E-77
106-25-2,0,0,0,1,2.49E-200,5.78E-75,1.02E-27,5.21E-246,1.56E-297
106-26-3,0,0,0,1,0,2.63E-13,3.22E-19,0,2.38E-180
106-28-5,0,0,0,4.72E-110,0,4.70E-122,1,0,1.28E-164
106-29-6,0,0,0,0,2.72E-130,3.22E-148,0,0,1
106-33-2,0,0,0,1,0,3.19E-103,0,0,1.12E-112
106-44-5,0,0,0,7.74E-100,0,2.30E-258,1,0,0
106-68-3,0,0,0,1,0,5.21E-80,1.50E-19,3.12E-131,4.34E-284
107-40-4,0,0,0,9.37E-14,0,5.03E-177,1,7.51E-160,0
1076-56-8,0,0,0,1,0,4.29E-76,3.27E-20,0,2.87E-40
1079-01-2,0,0,0,4.19E-29,0,7.49E-106,1,0,1.17E-106
108043-85-2,0,0,0,1.05E-09,0,3.23E-75,0.999999999,1.54242008129227e-317,1.38338380835549e-322
108-21-4,0,0,0,0,1,1.02E-107,0,0,0
108549-47-9,0,0,0,1,4.36E-31,1.49E-208,8.26E-17,3.22E-23,1.41E-257
108549-48-0,0,0,0,0.996191327,1.33E-17,1.73E-242,0.003808673,1.44E-32,3.35E-161
108-88-3,0,0,0,1,0,8.34E-53,6.00E-81,0,5.03E-13
108-94-1,0,0,0,1,1.55E-34,1.39E-158,1.35E-42,0,1.09E-118
109-29-5,1,2.60E-72,2.71E-16,3.67E-24,0,7.64E-136,3.60E-105,0,6.38301214841552e-310
110-27-0,0,0,0,1,3.00E-207,7.04E-46,0,0,3.28E-80
11028-42-5,0,0,0,2.91E-08,0,4.38E-103,0.999999971,0,6.57E-114
11029-06-4,0,0,0,0,0,7.08E-81,0,0,1
110-41-8,0,0,0,1.91E-29,3.35E-103,5.87E-15,1,0,4.47E-99
11063-78-8,0,0,0,3.79E-64,0,1.80E-39,1,0,1.50E-263
110-93-0,0,0,0,9.05E-44,3.76E-118,1.34E-85,1,1.97626258336499e-323,3.66E-184
111-02-4,0,0,0,8.15E-23,1,4.46E-239,2.28E-14,3.34E-54,1.41E-27
111-27-3,0,0,0,0.000170217,0,1.02E-45,0.999829783,0,4.72E-245
1113-21-9,0,0,0,0,0,1.89E-119,1,0,2.03E-35
111-70-6,0,0,0,2.23E-30,5.91E-289,7.06E-235,1,0,5.86E-115
111-71-7,0,0,0,1,0,5.72E-149,9.66E-37,0,0
111-84-2,0,0,0,2.33E-131,0,3.43E-95,1,0,7.29E-186
111-87-5,0,0,0,1,2.58E-168,2.33E-134,7.63E-54,0,4.15E-110
1120-21-4,0,0,0,7.47E-41,1,3.64E-126,4.34E-18,0,7.71E-128
1120-36-1,0.7237903,3.37E-86,0.254255446,0,0,4.48E-27,0,0,0.021954255
112-05-0,0,0,0,6.15E-40,0,1,0,0,2.92E-109
112-12-9,0,0,0,1,0,1.05E-212,6.90E-265,0,3.27E-118
112-14-1,0,0,0,1,2.21E-150,1.21E-184,3.19E-45,0,0
112-19-6,3.41E-281,0,0,1,6.91E-18,1.45E-79,0,0,0
112-30-1,0,0,0,1.54E-22,0,1.69E-159,1,0,0
112-31-2,0,0,0,1,5.01E-253,5.79E-50,0,0,6.78E-55
112-32-3,0,0,0,8.83E-48,0,2.13E-104,8.24E-107,1,0
112-39-0,0,0,0,1,5.50E-71,2.63E-75,0,3.22E-305,1.74001308311166e-312
112-40-3,0,0,0,3.38E-28,0,1,1.17E-17,0,2.10E-81
1124-11-4,0,0,0,8.77E-29,1,8.24E-77,8.21E-44,1.81E-30,5.58E-242
112-41-4,6.81E-84,9.06E-76,6.43E-105,5.57E-131,0,1,0,0,3.99E-242
1124-20-5,0,0,0,5.00E-07,2.92E-169,5.09E-148,0.9999995,1.27E-37,5.87E-83
112-44-7,0,0,0,1,0,3.63E-100,0,0,1.03E-141
112-45-8,0,0,0,5.08E-49,1,1.88E-51,3.26E-14,3.99E-277,7.10E-117
1125-12-8,0,0,0,1,0,1.34E-30,1.96E-65,0,0
112-54-9,0,0,0,0.886347761,3.80E-37,2.66E-76,0.113652239,0,1.32E-190
112-61-8,0,0,0,8.27E-12,0,1.70E-59,1,8.74E-104,0
112-63-0,0,0,0,0.999999517,0,5.10E-175,4.83E-07,0,1.18E-91
112-72-1,0,0,0,1,0,3.98E-95,2.48E-11,0,0
112-88-9,0.000218537,0.999702059,7.94E-05,1.05E-58,0,1.36E-58,1.62E-73,0,6.35E-185
112-92-5,0,0,0,1,0,5.77E-165,0,0,3.09E-297
112-95-8,0,0,0,1,0,5.87E-91,1.30E-86,0,2.93E-237
1134-95-8,0,0,0,1,0,4.89E-132,6.97E-18,4.35E-152,1.59E-281
1135-66-6,0,0,0,1,0,1.33E-73,0,0,7.71507427358684e-310
1137-12-8,0,0,0,4.15E-60,1.36E-83,2.01E-171,1,1.67E-80,1.88E-30
1139-17-9,0,0,0,1,0,2.52E-172,9.42E-208,0,1.07E-87
1139-30-6,5.23E-108,8.99E-104,1.92E-108,9.54E-51,8.50E-109,1.59E-16,1.61E-51,7.05E-109,1
1143-46-0,0,0,0,1,0,1.57E-20,0,0,4.27E-184
115-31-1,0,0,0,1.36E-34,4.54E-219,0,1,1.7291049569919e-314,0
115-71-9,0,0,0,1,9.82E-18,2.06E-142,1.41E-12,2.05E-141,0
115728-41-1,0,0,0,9.92E-66,1.02E-58,3.33E-135,1,0,1.49E-98
115-95-7,0,0,0,1,0,1.17E-71,7.65E-78,0,4.31E-36
117066-77-0,0,0,0,1,0,3.63E-163,8.05E-33,0,9.21E-152
118014-38-3,0,0,0,1,0,1.10E-132,4.50E-56,0,2.47032822920623e-323
118-58-1,0,0,0,1,0,2.91E-135,3.65E-47,0,0
118-65-0,0,0,0,1,0,6.82E-124,2.03E-26,3.07E-229,2.00E-196
1187195-00-1,0,0,0,1,8.35E-52,3.79E-116,1.70E-79,0,1.23E-60
1189-09-9,0,0,0,1.55E-21,0,7.16E-78,1,0,2.78E-182
1192-62-7,0,0,0,1,0,9.06E-188,0,0,2.65465157487253e-314
119-36-8,0,0,0,1,0,2.18E-10,5.57E-39,0,1.59E-82
119-47-1,0,0,0,1,0,7.47E-105,0,0,2.55E-278
1195-32-0,0,0,0,1.57E-83,0,2.65E-81,1,0,9.06E-97
1195-79-5,0,0,0,2.46E-116,1.42E-97,5.63E-36,2.20E-13,3.45E-247,1
119-61-9,0,0,0,1,1.43E-127,1.99E-133,0,4.11E-227,0
119683-81-7,0,0,0,0.917047716,0,7.72E-90,0.082952284,0,3.51E-136
1197-01-9,0,0,0,1,0,9.90E-51,4.95E-57,0,1.59E-96
1197-06-4,0,0,0,1,0,2.24E-91,0,0,1.56E-152
1197-07-5,0,0,0,0.999999995,1.03E-214,1.39E-51,5.47E-09,3.28E-131,2.42E-224
1200-67-5,0,0,0,2.88E-29,0,1,6.51E-21,0,1.10E-262
120-12-7,1.15E-250,2.36410114631227e-313,6.58E-211,1,0,5.97E-82,2.02E-305,0,1.98E-14
120-14-9,0.201155187,1.25E-41,8.98E-17,0,0,1.91E-159,0,4.33E-268,0.798844813
1203-21-0,0,0,0,2.37E-174,0,4.68E-111,1,0,9.38E-75
120-51-4,0,0,0,0.998932677,2.18E-39,8.96E-26,0.001067323,2.53E-200,6.40E-212
1205-42-1,0,0,0,1,2.79E-261,1.26E-89,1.11E-18,0,9.71E-215
120-72-9,0,0,0,2.88E-11,0,4.78E-70,1,0,1.18E-284
1209-71-8,0,0,0,1,0,0,2.28E-72,0,3.45E-25
121198-16-1,1,1.43E-21,1.07E-45,0,0,9.04E-85,0,5.96E-261,5.70E-262
122-00-9,0,0,0,0.999988396,0,5.01E-203,1.16E-05,0,0
122-03-2,0,0,0,1,0,6.02E-101,6.81E-71,0,2.08E-28
122-78-1,0,0,0,1.49E-109,1,5.10E-178,1.23E-291,0,0
1227-93-6,0,0,0,1,0,1.54E-118,2.35E-67,0,1.70E-136
122-97-4,0,0,0,2.88E-60,0,1.04E-99,5.28E-91,0,1
123-11-5,0,0,0,1,0,1.53E-193,9.25E-69,0,5.69E-284
123123-38-6,0,0,0,1,0,4.25E-127,7.18E-24,0,2.73E-19
123-35-3,1.12E-15,4.16E-16,4.14E-16,0.623359591,6.86E-26,0.112872095,0.21739388,0.004851934,0.0415225
1235-74-1,0,0,0,9.21E-18,1.28E-129,2.17E-126,1,4.29E-86,3.28E-246
123-76-2,0,0,0,1,2.57E-76,3.92E-198,1.76E-181,0,1.02E-149
123-92-2,0,0,0,0.99999888,0,7.56E-108,1.12E-06,0,0
123938-16-9,0,0,0,1,1.64E-215,2.47E-128,0,0,0
124-13-0,0,0,0,9.21E-144,2.32E-231,9.15E-208,1,1.53E-123,0
124-18-5,1.95E-09,0.999999997,7.78E-10,0,0,1.88E-66,0,0,0
124-19-6,0,0,0,1.11E-75,6.22E-166,2.29E-68,1,3.72E-142,4.87E-70
124-25-4,0,0,0,1.07E-22,3.04E-306,2.71E-47,1,0,4.44E-192
1246777-02-5,0,0,0,0.933253243,5.97E-64,1.84E-141,0.066746757,9.09E-202,3.98E-202
124-76-5,0,0,0,2.56E-33,1.58E-123,1.45E-99,1,1.36E-171,1.97E-129
125-12-2,0,0,0,1,0,4.45E-148,2.35E-24,0,1.79E-52
12542-32-4,0,0,0,1,0,7.16E-80,3.39E-18,0,4.29E-139
1270088-83-9,0,0,0,5.81E-104,0,2.01E-102,1,0,9.72E-264
127-25-3,0,0,0,5.76E-36,1,7.73E-129,0,0,6.86E-71
127-41-3,0,0,0,5.24E-215,5.76E-12,2.74E-126,1.24E-91,1,1.34E-78
127-91-3,3.99E-50,1.21E-49,1.47E-50,0.671694048,1.12E-05,0.059413912,0.246976383,5.03E-05,0.021854201
128-50-7,0,0,0,1,7.20E-114,0,0,0,3.07E-184
128-51-8,2.71E-253,0,3.47E-256,0.999995444,0,4.56E-06,0,0,0
13019-16-4,0.715849383,7.67E-05,0.28403505,7.95E-10,0,6.74E-119,3.88E-05,0,0
13062-00-5,0,0,0,1.00E-20,1,7.03E-83,3.29E-10,0,1.03E-238
130790-11-3,0,0,0,1,0,5.67E-126,0,0,9.54E-52
131435-09-1,1.02E-18,1,2.85E-19,2.94E-46,5.18E-303,5.39E-71,3.15E-206,0,4.59E-187
13151-34-3,0.797901751,8.31E-46,0.202098249,3.68E-263,4.50E-129,0,0,0,0
13151-35-4,4.71E-05,3.71E-10,0.96954947,0.030403181,2.64E-07,0,0,4.09E-108,3.63E-61
132032-86-1,0,0,0,7.39E-38,0,3.58E-66,1,0,2.93E-93
1329-99-3,0,0,0,1,0,1.41E-298,5.20E-11,0,0
1335-39-3,0,0,0,1,0,3.24E-59,3.63E-29,0,0
134507-28-1,1.63E-217,4.88E-227,1.76E-307,3.31E-234,6.62E-230,1.76E-307,2.22E-218,1,0
13466-78-9,1.69E-270,9.27E-270,6.23E-271,3.72E-56,1.13E-124,0.999999842,5.75E-53,2.29E-271,1.58E-07
13474-59-4,0,0,0,0.999966223,1.42E-29,1.25E-88,3.38E-05,7.95E-33,1.31E-114
13508-03-7,0,0,0,6.07E-28,0,2.25E-118,1,0,0
13567-40-3,0,0,0,1,0,4.61E-70,1.49E-39,0,0
13601-88-2,0,0,0,4.84E-52,0,1.70E-152,1,0,0
13744-15-5,0,0,0,0.999998964,0,2.05E-32,1.04E-06,0,1.38E-20
13837-63-3,0,0,0,2.40E-102,0,3.00E-75,1,0,2.29E-181
13837-75-7,0,0,0,9.78E-165,0,3.34E-56,1,0,0
13851-11-1,0,0,0,1,0,2.64E-111,2.34E-105,0,6.95E-124
13877-91-3,0,0,0,5.49E-101,1,1.08E-96,5.12E-56,0,7.29E-253
138-86-3,9.73E-27,2.32E-20,3.58E-27,0.706208223,1.30E-06,0.024821467,0.259831994,5.20E-08,0.009136962
138-87-4,0,0,0,1,0,3.05E-102,2.52E-13,0,3.35E-103
13898-73-2,0,0,0,1,0,1.85E-237,3.00E-119,0,0
13925-00-3,0,0,0,0,0,0,5.96E-05,0,0.999940446
140-10-3,0.998645345,1.67E-16,0.001354655,0,6.66E-93,4.15E-43,0,0,7.22E-100
140-11-4,0,0,0,1,0,1.87E-67,3.88E-39,0,1.85E-300
140-26-1,0,0,0,2.44E-16,1.26E-31,2.27E-82,1,1.73E-265,3.40E-183
14029-18-6,0,0,0,1,0,1.51E-115,1.22E-38,0,5.59E-197
140-67-0,0,0,0,4.05E-140,2.57E-24,8.27E-52,8.79E-161,5.73E-227,1
141-12-8,0,0,0,2.06E-28,0,1,0,0,9.13E-69
141-16-2,0,0,0,8.94E-23,0,1.30E-154,1.38E-255,0,1
141-27-5,0,0,0,1.06E-09,4.31E-210,0.999998656,1.34E-06,8.56E-143,0
142-50-7,0,0,0,1,3.42E-261,7.95E-191,0,0,0
142-62-1,0,0,0,1,1.54E-83,4.00E-73,2.94E-51,0,1.58E-265
142-82-5,0,0,0,1,9.90E-236,2.88E-53,2.12E-53,0,1.60E-122
142-92-7,1.68E-71,1.28E-67,3.17E-65,1.65E-97,1,2.99E-34,1.75E-77,9.31E-107,7.05E-134
143-07-7,0,0,0,1,1.04E-189,1.65E-115,4.95E-37,1.10E-191,3.31E-20
143-08-8,0,0,2.21E-266,1.28E-35,1,7.74E-80,3.47E-24,1.59E-230,8.11E-72
143785-42-6,0,0,0,3.07E-51,1.19E-24,3.19E-87,0,0,1
1438-62-6,0,0,0,2.82E-31,0,6.77E-138,1,0,2.13E-90
1438-66-0,0,0,0,0,1,1.25E-104,0,0,2.13E-218
144-39-8,0,0,0,3.23E-16,0,2.34E-113,1,3.23E-98,2.63243474612422e-314
14575-74-7,0,0,0,0.992964933,2.38E-145,0.00703243,2.12E-36,1.14E-65,2.64E-06
1460-73-7,0,0,0,1,2.72E-200,0,0,0,0
1461-03-6,0,0,0,3.14E-120,0,3.05E-144,1,2.37E-68,1.72E-114
1461-27-4,0,0,0,1,3.02E-87,6.24E-74,8.95E-149,0,8.43E-191
14850-23-8,0,0,0,3.41E-31,0,6.93E-188,1,0,0
1489-56-1,0,0,0,7.85E-36,2.61E-196,1,4.32E-15,1.53E-300,3.85E-199
1490-04-6,0,0,0,1.89E-11,1.08E-202,9.98E-93,1,3.00E-256,3.19E-78
14912-44-8,0,0,0,0.25928933,0,0.74071067,1.79E-30,0,2.09E-180
149496-35-5,0,0,0,1,8.24E-121,3.88E-120,6.44E-82,3.57E-144,6.46E-134
15051-81-7,0,0,0,1,0,5.24E-113,2.01E-26,0,1.33E-105
150-84-5,0,0,0,1,0,4.43E-84,0,0,1.06E-303
150-86-7,0,0,0,3.46E-18,6.85E-68,5.26E-80,1,0,1.24E-105
15186-51-3,0,0,2.44E-304,0.999984523,2.50E-199,0,0,0,1.55E-05
152287-43-9,0,0,0,1,0,1.89E-126,2.25E-60,2.94E-148,0
15340-82-6,0,0,0,1,4.74E-141,1.17E-150,2.14E-107,8.10E-234,6.01E-251
153408-92-5,0,0,0,1,0,3.55E-130,1.13E-90,0,3.69E-41
15352-77-9,0,0,0,2.12E-49,1,1.21E-141,1.97E-12,3.42E-131,8.77E-180
15358-88-0,0,0,0,1,0,6.28E-32,2.46E-35,0,2.06E-212
15358-91-5,0,0,0,1,0,5.42E-64,4.23E-19,0,1.97E-150
15358-92-6,0,0,0,1,0,3.22E-97,1.40E-102,0,0
15423-57-1,0,0,0,1,0,3.35E-55,5.87E-40,0,1.95E-226
15438-93-4,0,0,0,1,0,9.22E-159,3.47E-79,0,0
15537-55-0,0,0,0,1,0,7.24E-136,1.68E-163,0,1.16E-151
156747-45-4,0,0,0,2.49E-134,1,9.49E-48,4.03E-92,1.31E-174,3.92E-82
15714-10-0,0,0,0,1.21E-43,0,0,1,0,0
157374-44-2,0,0,0,4.53E-74,0,4.82E-99,1,0,2.28E-174
157477-72-0,0,0,0,1,0,1.99E-106,3.78E-19,0,9.85E-54
1576-77-8,0,0,0,1.84E-55,0,1,0,0,3.24791685496643e-316
1576-95-0,0,0,0,0.999843053,0,0.000156947,0,0,1.13E-231
1599-67-3,0,0,0,7.79E-53,0,9.82E-97,1,0,0
160339-05-9,0,0,0,1,0,9.39E-70,0,0,2.73E-125
1604-34-8,0,0,0,1,0,2.34E-81,0,0,8.99E-129
16106-95-9,0,0,0,1,0,4.57E-19,0,0,6.63E-121
1632-70-8,1,2.38E-23,1.21E-34,8.27E-51,0,1.25E-51,0,3.46E-205,0
1632-73-1,0,0,0,1,0,3.83E-40,2.24E-26,0,0
16409-43-1,0,0,0,1,0,6.78E-58,3.37E-15,0,0
1653-30-1,0,0,0,7.83E-20,0,4.61E-153,1,0,1.46E-147
16641-47-7,0,0,0,0.653873428,0,1.72E-156,0.346126572,0,1.08E-200
16661-00-0,0,0,0,0.960076995,0,8.29E-202,0,0.039923005,1.40E-56
166733-97-7,0.999999933,1.75E-13,6.70E-08,2.36E-13,4.97E-282,3.08E-243,0,0,1.60E-196
16721-38-3,0,0,0,1,0,5.65E-97,4.63E-146,3.46E-170,1.04E-61
16721-39-4,0,0,0,1,0,3.21E-77,0,0,1.02E-55
1674-08-4,0.00E+00,5.13E-308,0.00E+00,3.85E-22,2.17E-180,1,7.05E-33,1.70E-306,3.08E-64
167934-14-7,0,0,0,3.44E-08,0.999999966,3.91E-176,4.07E-87,3.18E-23,8.45E-230
168180-13-0,0,0,0,1,0,4.97E-83,2.47E-15,0,0
1686-14-2,0,0,0,8.83E-78,0,5.25E-213,1,0,0
1686-15-3,0,0,0,0.999750574,0,3.47E-81,0.000249426,0,2.20E-146
1686-20-0,0,0,0,1,0,8.93E-74,4.78E-13,0,2.54E-201
1686-30-2,0,0,0,2.30E-158,0,2.24E-133,1,0,1.75E-296
1686-54-0,0,0,0,0.000691468,0,2.66E-69,0.999308532,0,3.04E-23
1686-56-2,0,0,0,1,0,9.96E-137,6.58E-76,0,8.90E-195
1686-61-9,0,0,0,1,3.51E-114,1.38E-41,4.33E-15,2.17E-60,4.89E-181
1686-62-0,0,0,0,8.69E-32,1,3.65E-174,0,0,1.64E-169
1686-63-1,0,0,0,4.70E-49,2.34E-246,4.89E-129,1,0,1.04E-219
1686-67-5,0,0,0,1,1.49E-145,3.17E-47,2.60E-23,0,1.80E-55
16980-85-1,0,0,0,1,0,1.09E-87,2.65E-24,0,0
16982-00-6,0,0,0,5.12E-24,0,9.26E-122,1,0,1.49E-62
17066-67-0,4.23E-249,8.70E-251,0,2.34E-137,2.24E-70,1.12E-207,2.14E-106,8.25E-71,1
1708-82-3,0,0,0,1,0,5.12E-137,1.08E-37,0,1.18E-166
17334-55-3,0,0,0,8.91E-07,1.54E-51,6.68E-94,0.999999109,0,1.17E-210
17351-34-7,0,0,0,1,3.10E-299,8.60E-223,1.30E-83,0,0
17429-38-8,0,0,0,5.30E-48,1.14E-207,2.52E-95,1,2.88E-138,5.23E-138
17603-76-8,0,0,0,1,0,4.12E-89,0,0,0
17627-30-4,0,0,0,1,0,3.56E-125,3.37E-116,0,3.49E-215
17627-43-9,0,0,0,2.01E-56,0,9.09E-122,1,0,2.52E-108
17627-44-0,0,0,0,1,5.74E-32,2.76E-91,6.17E-45,7.69E-94,2.56E-182
17643-36-6,0,0,0,2.44E-32,1,1.51E-81,3.99E-21,0,3.77E-166
17699-05-7,0,0,0,1.43E-26,0,4.38E-82,1,0,6.52E-266
17699-14-8,3.51E-292,3.80E-292,1.29E-292,7.71E-30,7.83E-211,0.999994946,7.38E-08,2.40E-167,4.98E-06
17699-16-0,0,0,0,1,0,1.88E-80,1.95E-43,1.04E-165,4.85E-103
1786-15-8,0,0,0,3.14E-18,1,2.80E-162,7.03E-20,0,1.18E-258
17904-27-7,0,0,0,7.81E-30,1.01E-36,8.99E-80,1,0,8.19E-64
17974-51-5,0,0,0,6.36E-78,0,1,6.99E-27,0,6.93E-201
17990-16-8,0,0,0,1,3.81E-250,4.94E-59,0,0,1.98E-292
18172-67-3,0,0,0,0.989113292,0,1.73E-145,0.010886708,0,8.07E-255
1820-09-3,0,0,0,1,2.33E-115,2.86E-131,2.66E-13,1.70E-183,5.70E-100
18252-44-3,0,0,0,1,2.75E-128,7.23E-85,7.14E-82,3.35E-131,1.31E-125
18319-35-2,0,0,0,1,2.52E-24,3.35E-132,0,0,1.49E-25
18344-37-1,0,0,0,1,0,4.06E-158,1.35E-38,1.66E-231,1.31E-138
18368-95-1,0,0,0,1,7.44E-308,2.68E-128,3.66E-110,0,0
18409-17-1,0,0,0,0,0,2.10E-106,1,7.67E-64,2.12E-97
18431-82-8,0,0,0,1,0,2.30E-132,6.21E-77,0,3.37E-94
18435-45-5,0,0,0,2.08E-85,0,7.54E-110,1,0,5.12E-127
1845-30-3,0,0,0,1,0,5.92E-168,2.15E-43,0,2.28E-302
18479-68-0,0,0,0,1,0,3.61E-169,9.14E-29,0,2.98E-248
1862-61-9,0,0,0,1.80E-84,0,8.89E-81,1,0,1.24E-113
18679-48-6,0,0,0,1.90E-06,0,4.27E-68,0.999998099,0,0.00E+00
18794-84-8,0,0,0,6.89E-85,1.63E-186,1,1.95E-72,4.54E-233,7.07E-140
18829-56-6,0,0,0,1.38E-62,3.14E-272,1.45563984187798e-314,1,7.26E-60,1.88E-143
18835-32-0,0,0,0,2.26E-20,0,6.37E-97,1,0,4.75E-243
18835-33-1,0,0,0,2.75E-73,0,2.10E-33,1,0,1.33E-224
1891-45-8,0,0,0,2.01E-24,0.01431748,0.98568252,3.91E-17,4.68E-141,4.07E-156
189165-79-5,0,0,0,1,0,3.46E-64,1.23E-15,0,1.73E-179
18968-24-6,0,3.45845952088873e-323,0,0,0,8.48E-119,1,1.33E-191,0
1898-13-1,0,0,0,7.79E-29,0,3.47E-79,1,0,2.02E-212
19069-48-8,0,0,0,0,1.20E-65,3.68E-28,1,0,4.78E-26
1911-78-0,0,0,0,1,0,3.90E-158,5.67E-27,0,2.33E-297
192823-15-7,0,0,0,1.77E-49,2.66E-194,7.84E-114,1,0,3.98E-254
1937-54-8,0,0,0,0.999999989,6.97E-40,2.82E-33,1.11E-08,1.33E-126,4.66E-300
1940169-14-1,2.01E-230,7.32E-132,8.08E-228,5.49E-186,0,1,1.47E-215,0,8.83E-96
19407-17-1,0,0,0,0.999818808,8.07E-33,5.84E-147,0.000181192,1.67E-306,0
19407-28-4,0,0,0,5.79E-17,8.52E-90,6.64E-20,6.89E-19,7.03E-125,1
19435-97-3,0,0,0,0,0,1,0,0,4.36E-55
1972/8/3,0,0,0,0,0,1.74E-69,1,0,0
198-55-0,2.62E-227,0,9.79E-228,1,7.29E-101,9.19E-78,0,0,1.06E-103
19876-45-0,0,0,0,2.18E-92,0,1,0,0,5.50E-129
19888-00-7,0,0,0,0,2.66E-116,1.89E-64,1,0,2.11E-307
19888-33-6,0,0,0,1.01E-29,1.98E-299,5.05E-73,1,0,1.35E-263
19888-34-7,0,0,0,1,1.33E-128,1.00E-134,1.39E-50,2.37E-212,2.84E-45
198991-79-6,0,0,0,1,0,9.89E-35,1.22E-26,0,1.28E-94
19903-73-2,0,0,0,1,0,1.32E-98,3.27E-64,0,0
19912-62-0,2.24E-233,8.61E-234,1.98E-233,1.68E-242,9.09E-234,1,1.93E-236,1.17E-238,4.78E-224
19912-67-5,0,0,0,1,0,1.51E-74,2.53E-45,0,2.79E-120
19912-83-5,0,0,0,4.28E-36,0,7.42E-161,1,0,5.74E-101
20016-73-3,0,0,0,3.09E-49,1,1.25E-163,2.87E-83,0,1.55E-32
200272-61-3,0,0,0,1,0,7.90E-167,1.72E-121,0,4.19E-195
20085-13-6,0,0,0,9.64E-11,2.92E-153,3.50E-118,1,9.13E-178,1.03E-133
20085-19-2,0,0,0,7.87E-32,1.48E-149,1,1.09E-40,0,4.32E-48
20085-93-2,0,0,0,9.85E-24,0,1,0,0,4.19E-59
20126-76-5,0,0,0,1,0,1.39E-126,7.26E-308,0,1.43E-169
20230-48-2,0,0,0,1,0,1.47E-122,1.05E-23,1.17E-161,4.69E-170
20303-60-0,0,0,0,2.98E-53,1,2.62E-256,2.57E-94,0,0
20307-83-9,0,0,0,1,0,4.99E-121,8.69E-15,0,4.50E-261
20307-84-0,0,0,0,1,0,1.48E-111,1.53E-21,0,6.33E-49
20479-06-5,0,0,0,2.27E-78,1.36E-65,4.63E-88,1.84E-28,8.79E-126,1
20483-36-7,1.49E-81,0.687710223,1.18E-11,0.312289777,2.11E-270,6.93E-104,0,0,1.60E-40
20489-45-6,0,0,0,1,0,1.34E-113,3.72E-46,1.76E-80,0
2091-29-4,0,0,0,1,0,1.78E-100,9.00E-32,0,2.58E-277
2102-58-1,0,0,0,1.16E-42,0,4.27E-51,1,0,1.37E-220
2102-59-2,0,0,0,1.88E-28,1.35E-75,1,0,0,8.84E-117
2102-62-7,0,0,0,1.04E-06,6.38E-238,1.76E-220,0.99999896,0,3.48E-283
2111-75-3,0,0,0,1,0,1.41E-130,2.81E-104,0,0
21195-59-5,0,0,0,1,3.71E-167,5.17E-75,1.40E-48,2.24E-266,3.09E-35
21284-22-0,0,0,0,9.59E-33,2.32E-100,1.77E-31,2.84E-22,1.20E-100,1
213749-82-7,0,0,0,1.63E-13,1,1.34E-69,1.21E-66,0,0
21391-98-0,0,0,0,2.74E-39,0,2.22E-77,1,8.92E-18,1.35E-277
21391-99-1,0,0,0,1,0,2.10E-11,3.65E-10,0,3.67E-131
2153-66-4,0,0,0,4.37E-22,8.77E-152,0,1,0,1.60E-138
21657-90-9,0,0,0,1,1.04E-268,1.17E-152,2.37E-17,9.62E-146,6.31E-269
21662-09-9,0,0,0,1.03E-74,1,1.78E-141,4.94065645841247e-323,4.07E-179,1.52E-150
21698-41-9,0,0,0,9.65E-33,0,9.15E-118,1,0,2.83E-133
21747-46-6,0,0,0,0.011150563,0,1.58E-87,0.98884912,0,3.17E-07
217650-27-6,0,0,0,0.995033954,5.57E-62,8.94E-82,0.004966046,2.51E-229,6.90E-306
2185851-95-8,0,0,0,1,0,4.18E-171,9.23E-89,0,0
21964-44-3,0,0,0,2.86E-61,0,3.59E-138,1,0,1.75E-183
21966-93-8,0,0,0,0.999999951,4.89E-08,2.04E-269,1.10E-13,0,2.24E-192
220766-71-2,0,0,0,1,1.96E-92,7.11E-92,2.21E-89,3.91864980275569e-316,4.75E-143
2234-20-0,0,0,0,8.13E-08,0,7.62E-114,0.999999919,0,1.22E-190
22451-73-6,0,0,0,1.72E-46,1.34E-135,2.31E-74,1,2.28E-140,3.33E-44
22457-23-4,0,0,0,0,4.98E-34,9.65E-18,7.15E-103,0,1
22539-72-6,0,0,0,1,4.92E-99,1.58E-51,3.05E-29,1.16E-253,0
22567-17-5,0,0,0,1,0,3.44E-207,7.34E-198,0,0.00E+00
22567-36-8,0,0,0,2.83E-28,0,2.94E-159,1,0,1.82E-31
22580-90-1,1.20E-234,3.81E-260,3.70E-243,1,3.14E-110,5.53E-99,1.65E-230,5.31E-227,1.25E-66
22626-43-3,0,0,0,1,2.07E-52,4.63E-58,1.11E-29,4.56E-70,4.87E-77
22627-95-8,0,0,0,0.979728721,0.020271279,3.59E-71,1.86E-32,0,8.87E-253
2270-60-2,0,0,0,1,0,6.80E-70,2.61E-11,0,1.79E-86
22771-44-4,0,0,0,1.18E-33,1,7.41E-79,2.49E-40,2.42E-40,1.11E-61
23262-34-2,3.13E-132,1.39E-154,4.66E-171,0,4.29E-218,1,0,0,0
23445-02-5,0,0,0,0.000200808,1.91E-126,2.59E-110,0.999799192,2.97E-239,1.15E-93
2345-28-0,0,0,0,2.15E-18,1.55E-130,9.65E-65,1,6.19E-119,0
2359-73-1,0,0,0,1,7.38E-98,2.48E-66,3.06E-16,0,2.38E-43
2363-88-4,8.06E-31,5.74E-29,2.98E-31,3.91E-60,1,2.35E-154,0,0,1.58E-244
23726-93-4,0,0,0,1,4.03E-181,2.94E-114,1.26E-126,0,0
23811-08-7,0,0,0,1,0,1.11E-201,3.71E-54,0,0
2387-78-2,0,0,0,1,0,1.07E-89,0,0,1.44E-186
2396-84-1,0,0,0,1,9.07E-228,3.19E-36,0,0,0
23986-74-5,8.32E-120,3.39E-120,3.06E-120,6.44E-71,3.03E-64,0.999881586,2.37E-71,1.13E-120,0.000118414
2400-66-0,0,0,0,1,0,2.67E-41,4.87E-53,0,5.91E-210
24035-43-6,0,0,0,4.52E-22,1,1.09E-176,2.27E-48,0,0
24048-40-6,0,0,0,1,0,4.34E-53,4.71E-33,0,0
24048-44-0,0,0,0,1,0,5.01E-68,4.77E-14,1.73E-27,9.28E-234
2407-43-4,0,0,0,0,2.93E-95,6.08E-75,1,1.94E-268,0
24251-86-3,0,0,6.11E-241,1,1.79E-270,1.21E-123,0,0,0
24254-56-6,0,0,2.00E-274,1,2.70E-254,9.56E-112,0,0,3.19E-151
24268-34-6,0,0,0,9.50E-10,0,9.19E-173,0.999999999,0,2.43E-256
2437-56-1,0,0,0,1.77E-35,0,4.36E-236,1,0,1.85E-303
24406-05-1,0,0,0,1,0,8.03E-44,3.59E-62,0,1.04E-83
2442/10/6,0,0,0,2.08E-37,1.66E-255,4.82E-118,1,0,0
2445-77-4,0,0,0,1,1.76E-207,1.03E-15,0,0,3.92E-62
24545-81-1,0,0,0,1,0,3.69E-69,2.24E-11,0,6.90E-170
24563-84-6,0,0,0,1,9.08E-35,1.31E-146,1.09E-50,2.51E-235,3.22E-89
24703-35-3,0,0,0,1.20E-09,3.38E-111,1.76E-21,3.30E-07,9.37E-103,0.999999669
24717-86-0,0,0,0,5.12E-49,0,1.57E-67,1,0,0
24903-95-5,0,0,0,0.999998353,1.65E-06,3.41E-141,1.37E-58,0,3.16E-101
2497-18-9,0,0,0,0.999999889,0,1.11E-07,0,0,2.35E-125
2507800-43-1,0,0,0,0.00E+00,0,4.49E-60,0,0,1
25152-83-4,0,0,0,1,0,3.51E-158,2.87E-41,0,1.90E-269
25152-84-5,0,0,0,0.999984943,0,1.51E-05,0,0,6.81E-186
25152-85-6,0,0,0,1,0,5.71E-186,4.66E-75,0,1.08E-88
25246-27-9,0,0,0,1,0,7.56E-80,1.16E-218,0,1.93E-92
25269-17-4,0,0,0,1,0,8.70E-186,7.87E-156,0,1.12E-250
25428-44-8,0,0,0,8.95E-51,0,1.18E-137,1,0,1.11598500515232e-314
2548-87-0,0,0,0,1,3.48E-162,1.10E-110,5.15E-123,0,0
25532-74-5,0,0,0,1,0,1.22E-52,3.73E-68,0,2.47E-223
25966-81-8,0,0,0,0.002101132,0,6.85E-44,0.997898868,0,0
26001-58-1,0,0,0,0.860671443,3.42E-57,9.58E-90,0.139328557,0,2.01E-250
262352-87-4,0,0,0,1.46E-34,3.43E-114,1.17E-162,1,2.59E-187,5.29E-63
262352-88-5,0,0,0,4.12E-52,0,8.58E-61,1,0,5.08E-67
26294-59-7,0,0,0,0.000338252,7.10E-60,2.05E-54,0.999661747,8.95E-10,3.35E-16
2656-44-2,0,0,0,8.15E-07,0,5.07E-159,0.999999185,1.34E-103,2.54E-138
26620-71-3,0,0,0,0.535939765,1.73E-151,2.15E-102,0.464060235,0,5.10E-113
26627-85-0,5.22E-07,0.008288409,0.991711069,0,1.15E-203,5.50E-49,0,1.85E-282,0
26762-44-7,0,0,0,1,0,2.15E-34,4.54E-63,0,0
26764-25-0,1.14E-95,1.85E-176,2.74E-137,0,0,1,1.14E-96,0,8.61E-97
267665-20-3,0,0,0,1.24E-36,0,2.70E-53,1,0,0
27196-00-5,0,0,0,7.54E-24,9.00E-41,1,0,0,1.37E-186
27342-88-7,0,0,0,6.57E-127,1.27E-129,3.09E-186,1,0,0.00E+00
27400-71-1,0,0,0,1.36E-13,0,6.13E-115,1.31E-127,1,0
2756-56-1,0,0,0,2.63E-12,0,7.68E-98,0,0,1
27625-35-0,0,0,0,2.40E-209,0,1,0,0,2.39E-73
2765/11/9,0,0,0,1,0,4.22E-144,5.42E-33,0,0
27710-67-4,0,0,0,0.998529901,0,3.92E-65,0.001470099,0,0
27840-40-0,0,0,0,2.39E-62,1,4.85E-72,2.79E-16,1.37E-178,8.98E-112
27898-42-6,0,0,0,1.69E-21,2.05E-68,1.08E-108,1,3.01E-69,1.53E-155
28296-72-2,0,0,0,3.78E-40,0,1.09E-70,1,0,0
28296-85-7,0,0,0,1,0,5.16E-96,5.44E-14,1.02E-183,6.92E-109
28305-60-4,0,0,0,0.999999857,1.43E-07,2.31E-72,9.24E-72,1.10E-199,3.44E-26
28387-44-2,0,0,0,0.999999748,3.78E-262,6.04E-102,2.52E-07,4.08E-53,7.97E-25
28387-62-4,0,0,0,1,0,1.48E-48,1.59E-40,7.27E-21,0
28400-11-5,0,0,0,1.96E-112,0,5.76E-242,1,0,6.14E-275
28400-12-6,0,0,0,1,0,4.10E-195,1.62E-164,0,4.78E-217
2847-72-5,0,0,0,1,0,1.43E-141,1.99E-150,1.03E-99,8.86E-267
28477-64-7,0,0,0,1,0,1.40E-107,1.15E-58,0,5.89E-96
28634-89-1,0,0,0,0.003119804,0,3.13E-157,0.996880196,0,0
2867/5/2,3.36E-265,3.44E-266,6.82E-266,3.38E-27,3.51E-260,8.33E-30,1,5.86E-122,8.38E-13
287968-09-6,0,0,0,1,3.55E-172,2.37E-87,0,0,4.08E-106
288393-04-4,0,0,0,1,0,2.76E-34,0,0,4.41E-13
2883-98-9,1.02E-56,4.42E-82,4.25E-57,1.61E-55,9.68E-42,1,0,0,3.11E-142
28908-21-6,0,0,0,1,3.65E-150,2.43E-142,3.09E-19,9.11E-125,0
28933-79-1,0,0,0,1,0,1.79E-234,7.92E-73,0,9.78E-130
28973-89-9,0,0,0,1,6.87E-207,7.14E-153,2.42E-15,0,2.23E-284
28973-97-9,0,0,0,1.38E-47,0,2.57E-79,1,0,1.71E-155
28976-67-2,0,0,0,1,3.28E-68,7.43E-116,4.39E-20,0,2.72E-63
28976-68-3,0,0,0,8.40E-31,5.62E-64,2.75E-176,1,1.49E-301,1.10E-88
28977-58-4,0,0,0,1,8.67E-11,3.23E-69,0,0,5.10E-48
29050-33-7,0,0,0,4.43E-18,0,2.38E-98,1,0,2.83E-168
29350-73-0,0,0,0,1,4.53E-32,3.49E-110,0,0,1.22E-93
29354-98-1,0,0,0,0.000141246,2.19E-138,2.08E-77,0.999858754,0,1.34E-302
29414-55-9,0,0,0,1,0,1.66E-57,0,0,4.48E-196
29548-14-9,0,0,0,1,1.81E-69,4.87E-48,0,0,1.89E-206
29548-30-9,0,0,0,1,2.80E-12,4.02E-120,7.87E-11,9.38E-307,2.84E-74
29597-36-2,0,0,0,7.56E-38,4.33E-26,2.71E-204,1,2.15E-22,5.01E-58
29621-78-1,0,0,0,1.84E-25,0,1.88E-94,1,0,0
29714-87-2,0,0,0,0.276823018,7.35E-40,1.79E-43,2.10E-07,2.43E-293,0.723176772
29743-97-3,1.51E-176,4.59E-221,5.51E-254,5.01E-239,8.74969022361192e-315,1,3.09E-273,3.00E-290,4.76E-31
29803-81-4,0,0,0,1,0,1.81E-87,1.63E-38,0,2.62E-52
29803-82-5,0,0,0,0.012403721,0,2.10E-99,0.987596279,0,6.94E-148
2980-69-0,0.985655692,2.49E-31,0.014344308,0,5.63E-220,2.25E-60,6.82E-26,1.69E-118,0
29837-07-8,0,0,0,1,6.29E-22,1.65E-158,2.80E-230,5.70E-277,1.01E-121
29837-12-5,0,0,0,0.999999757,1.32E-101,6.49E-61,2.43E-07,2.50E-78,9.01E-44
29873-99-2,0,0,0,1.68E-33,0,1,3.32E-65,0,6.66E-15
30021-74-0,8.69E-255,2.91E-254,6.54E-255,1.28E-07,1.92E-254,0.999999872,5.96E-206,0,3.65E-26
301-00-8,3.44E-169,0,0,1,2.93E-49,5.73E-127,0,0,2.13E-304
30199-26-9,0,0,0,1.03E-34,8.59E-40,5.76E-93,1,6.57E-197,0
3033-23-6,0,0,0,1,0,2.90E-148,5.35E-42,0,0
30346-21-5,0,0,0,1.04E-24,1,5.25E-143,0,0,1.10E-202
30460-92-5,0,0,0,1,0,5.80E-84,7.19E-33,0,1.17E-177
30557-76-7,0,0,0,6.77E-165,2.21E-246,9.33E-272,1,0,0
30649-97-9,0,0,0,2.43E-13,0.999923399,3.38E-70,7.66E-05,3.33E-27,6.83E-127
31295-56-4,0,0,0,1.59E-163,2.36E-160,0.999999551,0,0,4.49E-07
3149-28-8,0,0,0,1,0,2.87E-109,0,1.43E-63,5.02E-281
31499-72-6,0.542936995,4.67E-36,0.457063005,0,0,3.21E-66,2.25E-216,1.19E-212,8.90E-209
31502-14-4,0,0,0,0.999984681,1.53E-05,1.66E-93,0,9.67727833062248e-316,0
31560-66-4,0,0,0,1,0,2.19E-120,2.39E-33,5.09E-209,1.62E-109
31570-39-5,0,0,0,1,2.86E-109,1.75E-88,1.42E-18,1.31E-85,1.42E-55
317819-80-0,0,0,0,4.26E-96,1.10E-303,5.88E-61,9.69E-22,0,1
32142-08-8,0,0,0,1,0,1.37E-213,1.22E-82,0,8.21E-200
3242/8/8,0,0,0,5.46E-76,0,5.30E-210,1,0,1.26E-173
3243-36-5,0,0,0,1,0,6.57E-306,0,0,1.07E-112
32435-95-3,0,0,0,1.89E-05,0,1.76E-45,0.999981091,0,2.62E-42
3247-40-3,0,0,0,1,0,2.34E-127,7.05E-104,0,4.66E-252
32531-56-9,0,0,0,0.999999999,3.63E-171,5.47E-115,1.00E-09,3.22E-125,5.57E-88
32779-58-1,0,0,0,1,0,3.30E-164,6.48E-15,0,7.08E-150
3293-47-8,0,0,0,1,9.08E-253,3.25E-124,0,0,0
3310/2/9,0,0,0,0.001804669,0.998195331,2.38E-109,5.90E-38,0,0
3321-66-2,0,0,0,6.92E-64,1,7.10E-114,1.29E-16,5.39E-62,4.21E-74
3338-55-4,0,0,0,4.01E-77,5.53E-94,1,3.17E-32,6.38E-140,2.94E-10
334-48-5,7.60737084118414e-318,1.08288814189839e-318,0,8.66E-307,3.31E-304,2.70E-59,1,5.85E-270,2.58E-34
33467-73-1,0,0,0,0.596222579,0,1.14E-89,0.403777421,0,3.26E-145
33522-69-9,0,0,1.65E-305,3.60408141747527e-317,1.27E-233,0.308317707,0,0,0.691682293
33746-72-4,0,0,0,1,4.81E-97,4.90E-78,0,1.80E-293,2.56E-272
3387-41-5,1.15E-201,1.03E-191,4.23E-202,6.49E-72,2.62E-55,6.41E-77,2.95E-71,3.49E-190,1
33879-66-2,0,0,8.09E-303,1,0,2.57E-48,1.39E-36,1.47E-236,2.45E-37
33898-53-2,0,0,0,1.89E-09,2.80E-115,9.05E-77,0.999999998,0,8.78E-108
3391-86-4,0,0,0,1,5.68E-78,1.24E-147,6.99E-62,0,9.39E-203
3419/2/1,0,0,0,1,0,4.30E-119,0,8.61E-191,3.30E-66
34223-60-4,0,0,0,1.52E-138,0,1.33E-28,1,0,0
34424-57-2,0,0,0,7.85E-177,0,3.86E-67,1,0,2.86E-157
3452/7/1,0.720619263,1.50E-06,0.279379232,1.04E-215,0,2.28E-69,6.32E-96,1.64E-188,2.49E-21
346608-97-7,0,0,0,1,0,5.19E-82,6.34E-17,0,1.26E-92
35241-40-8,0,0,0,8.22E-30,3.82E-54,8.20E-69,1,1.00E-28,5.71E-73
3564-54-3,0,0,0,1,0,2.31E-72,1.25E-38,0,3.77E-221
3570/4/5,0,0,0,2.30E-09,0,1.93E-107,0,0.999999998,3.75E-148
35727-45-8,0,0,0,1,0,4.03E-172,0,0,8.87E-155
35732-37-7,0,0,0,0.999974872,7.87E-119,3.38E-30,5.46E-28,0,2.51E-05
35907-10-9,0,0,2.35E-303,0.999999867,4.94E-242,4.68E-153,1.33E-07,0,6.46E-161
36204-27-0,0,0,0,2.51E-136,0,1.17E-207,1,0,0
36262-09-6,0,0,0,0,0,1,0,0,4.10E-107
36312-33-1,0,0,0,1,0,4.02E-94,9.79E-36,0,9.08E-114
36437-95-3,0,0,0,0.978050958,0,7.53E-78,0.021949042,0,1.47E-95
3650-13-3,0,0,0,9.76E-56,4.56977942994863e-312,2.03E-126,1,4.07E-200,5.24E-60
36653-82-4,0,0,0,1,0,3.00E-125,2.48E-20,0,1.90E-76
3681-71-8,0,0,0,1,0,2.00E-156,2.55E-58,0,2.26E-171
3691-11-0,0,0,0,4.34E-27,4.62E-108,1.04E-120,1,1.56E-92,2.74E-154
3691/12/1,0,0,0,0.819031138,1.28E-170,2.73E-68,0.180968862,2.95E-170,9.31E-55
372162-07-7,0,0,0,1.04E-85,0,4.50E-172,1,0,0
3724-65-0,0,0,0,2.18E-16,2.42E-235,1.12E-178,1,0,5.29E-300
373-49-9,0,0,0,1,2.65E-35,6.50E-113,1.51E-100,0,1.47E-256
3772-55-2,0,0,0,6.74E-37,0.999999996,9.30E-168,4.30E-09,0,1.57E-70
3772-93-8,0,0,0,1,0,3.02E-75,7.90E-13,4.83E-105,9.52E-128
3777-69-3,0,0,0,1,0,1.67E-92,6.91E-38,0,0
3779-61-1,0,0,0,6.79E-14,0,0.833294062,0.166047392,0,0.000658546
37839-64-8,0,0,0,0.457427854,4.92E-172,1.62E-137,0.542572146,3.85E-235,0
3790-71-4,0,0,0,1,0,2.33E-94,4.11E-48,0,1.18E-215
3790-78-1,0,0,0,1,0,7.81E-162,3.88E-290,0,7.99E-144
3796-70-1,0,0,0,4.09E-26,0,1.40E-93,1,0,1.15E-190
38049-26-2,0,0,0,1,0,5.14E-175,1.02E-36,0,0
38230-60-3,0,0,0,1,0,1.19E-134,1.64E-57,0,1.86E-264
38331-79-2,0,0,0,1,9.02E-188,0,6.70E-64,4.96E-178,0
3853-83-6,0,0,0,1,1.70E-95,5.99E-68,2.93E-45,8.98E-304,2.66E-90
3855-14-9,0,0,0,1,0,1.84E-229,6.44E-28,0,0
3856-25-5,3.92E-178,1.01E-175,1.90E-174,1.97E-22,2.65E-60,0.089346765,2.27E-89,8.20E-61,0.910653235
38647-26-6,0,0,0,1.22E-27,1,9.33E-176,5.07E-19,2.46E-24,1.06E-285
3879-26-3,0,0,0,1,0,2.66E-82,1.27E-88,0,2.97E-129
3879-60-5,0,0,0,7.13E-42,6.07E-107,9.64E-35,6.74E-29,1,0
3886-78-0,0,0,0,1.99E-41,7.06E-92,1,0,0,1.94E-65
3891-98-3,6.43E-44,5.28E-83,2.43E-44,6.46E-99,1,2.27E-122,0,0,5.89E-281
39029-41-9,1.15E-195,5.72E-190,3.12E-193,2.90E-28,2.41E-192,2.15E-08,7.54E-140,0,0.999999979
3913-81-3,0,0,0,1,0,5.42E-252,3.92E-95,0,1.83E-146
39702-28-8,0,0,0,1,0,1.76E-158,0,0,5.53E-278
39863-73-5,0,0,0,2.38E-19,1.33E-63,9.74E-108,1,4.27E-131,2.38E-163
4057-31-2,0,0,0,1,0,3.19E-92,5.78E-51,0,5.89E-146
40716-66-3,0,0,0,1,0,9.31E-68,2.86E-91,0,4.15E-92
4080-46-0,0,0,0,1,0,1.17E-121,6.28E-72,0,0.00E+00
41370-56-3,0,0,0,1,0,3.94E-66,1.93E-42,0,5.88E-180
41370-57-4,0,0,0,1,0,2.04E-165,2.25E-103,0,0
41446-53-1,0,0,0,1,0,2.11E-171,4.74E-30,0,1.11E-57
41446-58-6,0,0,0,1,0,7.49E-199,4.33E-32,0,2.16E-247
41446-59-7,0,0,0,1,0,1.04E-220,5.47E-64,0,6.61E-232
41577-36-0,0,0,0,1,3.99E-81,1.31E-87,1.28E-11,1.38E-247,7.76E-137
41678-32-4,0.808526612,8.13E-37,2.21E-66,0.191473388,0,3.68E-58,5.05E-263,1.28E-268,1.74E-132
41702-63-0,0,0,0,1,0,3.12E-120,1.34E-94,0,2.22E-270
4180-23-8,0,0,0,6.24E-22,0,1.72E-107,1,1.24E-112,8.22E-167
4192-77-2,0,0,0,1.24E-28,1,9.91E-116,1.27E-184,0,2.73E-121
41943-81-1,0,0,0,4.17E-10,1,4.65E-220,1.01E-16,5.98E-208,1.01E-160
420109-31-5,8.44E-46,7.33E-53,4.71E-53,2.46E-51,0,1,1.17E-96,0,1.20E-264
4221/3/8,2.47E-301,1.09E-277,2.81E-278,3.58E-17,5.13E-261,1,2.96E-45,3.45E-261,1.80E-30
4312-99-6,0,0,0,1,6.84E-199,4.20E-62,7.18E-16,5.66E-92,2.77E-62
4313/3/5,1.47E-07,1.01E-44,5.30E-08,0.999999796,0,4.15E-81,0,0,3.55E-09
432-25-7,0,0,0,7.06E-10,0,5.52E-119,0.999999999,0,1.54E-108
4371-50-0,0,0,0,3.55E-11,0,1.42E-88,1,0,4.45E-191
442853-35-2,0,0,0,1,4.72E-121,2.99E-128,7.86E-54,6.05E-207,0
446050-56-2,0,0,0,0.55757215,8.20E-188,1.88E-136,0.44242785,0,2.04E-175
4497-92-1,0,0,0,1,0,4.66E-187,7.43E-60,0,0
4501-58-0,0,0,0,1,0,4.52E-24,5.72E-61,0,2.59E-217
4586-22-5,0,0,0,0.999999978,0,2.68E-163,2.17E-08,0,7.06E-249
460-01-5,0,0,0,1.77E-33,0,8.22E-183,1,0,2.45E-98
4602-84-0,0,0,0,1,0,1.01E-124,1.30E-109,0,6.52E-123
461-55-2,3.60E-69,2.59E-183,6.31E-83,1.80E-120,0,1,0,0,7.03E-121
4630/7/3,0,0,0,0.999883395,0,2.96E-94,0.000116605,0,3.56E-81
463-40-1,0,0,0,3.58E-60,0,5.88E-118,1,0,6.45E-178
464-17-5,0,0,0,5.70E-20,3.61E-84,1.52E-103,1,2.24E-57,5.19E-120
464-45-9,0,0,0,1,0,5.95E-300,1.08E-44,0,0
464-48-2,0,0,0,1.42E-08,1.42E-41,3.80E-106,0.999999986,2.84E-79,2.47E-79
464-49-3,0,0,0,5.28E-179,0,1.34E-125,1,0,1.29E-172
465-24-7,0,0,0,1,0,9.89E-51,6.62E-22,0,5.65E-114
465-28-1,0,0,0,1,0,8.80E-166,1.38E-52,2.59628373688179e-313,1.48E-70
465-31-6,0,0,0,5.15E-55,0,2.17E-68,1,0,3.17E-84
4666-84-6,0,0,0,1,0,1.62E-113,0,0,7.43E-199
4674-50-4,0,0,0,1,0,3.53E-177,4.09E-88,0,9.38E-297
468-68-8,0,0,0,2.80E-105,0,1.23E-105,1,0,4.01E-296
469-61-4,0,0,0,1.74E-07,0,8.84E-93,0.999999826,0,1.15E-164
469-86-3,0,0,0,2.45E-86,3.06E-76,2.04E-37,1,0,2.54E-58
470-40-6,0,0,0,1,0,6.06E-91,3.69E-110,0,9.87E-294
470-67-7,0,0,0,5.14E-56,1.57E-121,5.13E-127,1,4.71E-175,2.23E-64
470-82-6,0,0,0,1,2.49E-249,4.85E-60,1.30E-38,0,6.65E-67
471-12-5,0,0,0,1,2.07E-90,5.90E-148,4.43E-34,5.48E-192,0
471-15-8,0,0,0,2.39E-17,0,5.80E-105,1,0,7.22E-146
471-16-9,0,0,0,0.993909519,6.69E-273,3.34E-39,3.77E-31,0.006090481,1.74E-109
471-84-1,0,0,0,1.04E-08,0,8.14E-32,0.99999999,0,7.26E-86
472-07-1,0,0,0,1,1.02E-92,1.82E-36,0,0,1.82E-20
472-37-7,0,0,0,2.45E-42,7.00E-79,6.47E-127,1,0,1.56E-258
473-04-1,0,0,0,5.38E-47,1,2.34E-123,7.63E-65,0,1.26E-45
473-06-3,0,0,0,1,0,6.51E-28,4.30E-24,0,1.70E-153
473-13-2,0,0,0,1,0,6.86E-60,3.56E-35,0,1.22E-85
473-14-3,0,0,0,1,0,4.69E-154,4.19E-31,0,3.72E-163
473-15-4,0,0,0,1,0,4.23E-13,3.11261356879985e-322,0,4.12E-63
473-16-5,0,0,0,1,0,1.31E-16,0,0,3.48E-34
473-17-6,0,0,0,1.34E-73,2.38E-133,1.04E-173,8.51E-74,2.05E-131,1
473-67-6,0,0,0,2.06E-68,0,1.56E-204,1,4.02E-116,2.90E-283
475-03-6,1.72E-05,0.999976694,6.08E-06,0,2.31E-253,0,0,0,0
475-20-7,0,0,0,0.999996379,1.72E-121,1.82E-97,3.62E-06,1.02E-200,4.49E-169
477-94-1,0,3.73E-264,2.64819186170908e-321,2.93E-25,1.15E-134,1,0,0,7.17E-265
481-34-5,5.66E-135,2.08E-135,2.08E-135,2.37E-135,2.08E-135,1,7.66E-136,7.66E-136,4.25E-35
4821/4/9,0,0,0,1.16E-27,0,1.87E-67,1,0,1.00E-112
483-76-1,8.86E-13,7.23E-11,3.26E-13,0.684823215,0.000268674,0.046048688,0.251815567,9.88E-05,0.016945017
483-77-2,0,0,0,0.999999958,0,6.87E-80,4.16E-08,0,6.19E-116
483-78-3,0,0,0,1,7.15E-158,8.29E-34,1.29E-12,0,3.01E-249
487-11-6,0,0,0,9.04E-39,1.84E-65,3.74E-107,1,1.54E-165,7.30E-68
488-97-1,0,0,0,1,0,6.40E-61,0,0,0
489-39-4,0,0,0,1,1.84E-136,2.27E-41,1.77E-90,1.07E-154,2.10E-26
489-40-7,0,0,0,1,1.66E-104,8.17E-55,1.05E-10,2.77E-242,6.13E-59
489-41-8,0,0,0,4.14E-40,0,0.999380145,7.63E-65,0,0.000619855
489-45-2,0,0,0,1,0,9.66E-138,1.56E-25,0,0
4895-23-2,0,0,0,0.999999997,4.81E-13,6.95E-13,2.71E-09,1.33E-167,2.79E-178
489-86-1,0,0,0,2.10E-16,6.56E-106,6.67E-11,1,1.03E-22,1.16E-128
491-09-8,0,0,0,7.25E-90,0,1.45E-170,1,0,3.51E-272
493-01-6,0,0,0,3.65E-13,0,8.04E-138,1,0,1.13E-110
4938-52-7,0,0,7.44E-292,1,2.16E-130,4.19E-79,0,0,6.21E-132
4948-29-2,0,2.01E-272,0,2.84E-158,0,1.01E-61,0,0,1
495-60-3,4.42E-22,1.69E-13,2.66E-34,3.38E-96,1.43E-169,1,0,0,0
495-61-4,0,0,0,1,0,5.73E-77,1.69E-18,0,1.16E-85
495-62-5,0,0,0,1.25E-17,0,8.02E-168,1,0,1.21E-249
496-16-2,0,0,0,1.38E-133,5.79E-11,8.27E-58,1,4.26318277539074e-317,3.85E-57
496-77-5,0,0,2.64E-64,4.31E-09,3.62E-90,8.69E-75,0.999999996,2.31E-252,3.18E-73
498-81-7,0,0,0,8.93E-21,0,3.12E-124,1,0,0
499-74-1,0,0,0,1.75E-186,0.999798477,7.20E-134,0.000201523,0,0
499-75-2,0,0,0,0.999976541,2.93E-286,7.54E-147,2.35E-05,1.45E-123,1.82E-151
499-97-8,0,0,0,3.40E-06,0.999996597,1.68E-70,1.33E-104,0,1.04E-85
500-00-5,0,0,0,1,0,9.09E-179,6.26E-164,0,0
500-02-7,0,0,0,0.978884065,0,4.85E-95,0.021115935,0,0
501-92-8,0,0,0,1,1.56E-185,8.03E-166,7.89E-111,1.80E-218,4.06E-112
502-26-1,0,0,0,0.02673052,0,1.44E-142,0.97326948,0,1.09E-130
502-47-6,0,0,0,1,0,2.26E-231,2.36E-55,0,2.23E-135
502-61-4,0,0,0,1.10E-22,4.57E-65,2.05E-28,1,2.10E-76,1.67E-105
502-69-2,0,0,0,2.28E-29,2.29E-129,5.21E-126,1,0,2.87E-143
50277-34-4,0,0,0,1,4.86E-106,4.95E-135,3.09E-12,0,2.47E-152
504-44-9,0,0,0,5.23E-70,0,1.00E-69,1,2.53E-304,1.65E-143
504-96-1,0,0,0,2.67E-17,0,1.13E-219,1,0,7.59E-134
505-32-8,0,0,0,3.87E-38,2.35E-154,6.05E-149,1,0,3.08E-207
506-12-7,0,0,0,1,3.12545927559173e-320,3.01E-103,0,0,0
506-52-5,0.642596436,6.95E-07,0.35740287,6.47E-76,0,7.96E-277,4.30E-287,0,3.37E-50
50657-30-2,0,0,0,0,8.69818568453882e-310,1,0,0,7.21E-120
50764-55-1,0,0,0,1,0,6.46E-96,3.01E-104,0,8.43696533781781e-313
507-70-0,1.27E-234,4.69E-235,4.69E-235,0.293399324,2.86E-129,0.706600676,1.26E-154,4.53E-126,1.89E-10
508-32-7,1.41E-219,1.48E-190,2.14E-172,0.011841935,8.37E-115,0.148309008,0.839849057,3.08E-115,1.21E-130
508-55-4,0,0,0,0.000282905,0,1.69E-76,0.999717095,0,1.76E-160
50894-66-1,0,0,0,1,0,2.08E-99,1.84E-38,0,1.19E-89
5090-61-9,0,0,0,0,0,5.81E-37,0,0,1
1951/6/9,0,0,0,2.57E-19,0,6.95E-178,1,0,9.95E-149
511-02-4,0,0,0,1,0,6.81E-134,2.73E-31,0,9.49E-141
511-05-7,0,0,6.66E-249,1,2.14E-247,1.83E-116,4.84E-146,0,2.23E-86
511-15-9,0,0,0,1.18E-34,2.80E-139,2.23E-50,1,8.84E-189,1.50E-145
511-59-1,0,0,0,1,0,1.07E-125,2.56E-104,5.93E-168,3.63E-19
511-85-3,0,0,0,1,0,1.26E-198,4.75E-17,0,5.39E-212
51317-08-9,0,0,0,2.24E-05,2.30E-76,1.06E-92,0.999977598,1.72E-115,5.02E-120
513-20-2,0,0,0,1,4.71E-108,8.03E-86,3.67E-114,0,1.99E-258
513-23-5,0,0,0,2.98E-112,0,9.85E-45,1,0,0
514-15-8,0,0,0,2.81E-145,0,1.71E-251,1,0,2.90E-256
514-51-2,0,0,0,1,0,2.00E-89,9.71E-21,0,0
514-62-5,0,0,0,1,0,5.36E-121,7.62E-84,0,9.12E-149
51494-28-1,0,0,0,0.95360171,5.08E-237,3.47E-24,0.04639829,0,1.38E-162
514-95-4,0,0,0,1,0,1.42E-142,1.43E-32,0,1.92E-161
515-00-4,0,0,0,0.547264507,4.75E-90,0.452735493,1.00E-22,2.04E-128,8.65E-47
515-13-9,3.63E-226,3.77E-226,1.33E-226,1.28E-16,2.83E-114,0.982619172,2.00E-22,1.04E-114,0.017380828
515-20-8,0,0,0,1,0,3.78E-63,2.25E-28,0,3.82E-43
515-69-5,0,0,0,0.9877121,0,1.14E-44,0.0122879,0,3.73E-144
515812-15-4,1.48E-292,4.02E-291,7.18E-86,4.63E-07,0,6.24E-89,0.999999537,0,0
51766-65-5,0,0,0,3.47E-26,1.30E-185,1.80E-82,1,4.87E-194,4.13E-236
51911-82-1,0,0,0,3.29E-19,1,3.22E-89,2.72E-11,6.90E-63,2.62E-51
51937-00-9,0,0,2.96439387504748e-323,1,6.18093120959298e-311,1.36E-72,0,0,1.50E-17
5205/11/8,0,0,0,3.18E-17,1,1.93E-140,0,0,0
5208-37-7,0,0,5.73344061658273e-317,1.26E-36,1.42E-114,7.75E-94,1.46E-06,0.999998537,0
5208-58-2,0,0,0,1,0,4.42E-91,0,1.06E-242,5.68E-172
5208-59-3,0,0,0,0.999976374,6.55E-99,9.38E-50,1.11E-62,0,2.36E-05
523-47-7,0,0,0,1,0,2.49E-145,4.28E-52,0,4.41E-76
523-80-8,0,0,0,1,0,1.34E-63,4.85E-35,0,2.34E-21
5273-86-9,0,0,0,1,0,7.99E-164,0,0,5.63E-198
527-84-4,0,0,0,0.999999997,9.29E-124,1.03E-101,2.88E-09,6.35E-119,9.45E-102
527-90-2,0,0,0,0.682793999,1.14E-158,1.56E-95,0.317206001,2.76E-206,0
5282-24-6,0,0,0,4.83E-05,0.999951743,2.18E-63,5.59E-17,0,8.56E-27
529-16-8,0,0,0,1,0,2.21E-69,1.44E-24,0,1.52E-120
53111-25-4,0,0,0,1,4.16E-220,2.21E-223,1.73E-146,3.45E-193,3.34E-272
532-65-0,0,0,0,1,0,1.15E-122,1.24E-78,4.03E-37,0
53398-86-0,0,0,0,0.974159254,0,8.31E-159,0.025840746,0,1.34E-132
534-35-0,0,0,2.71E-291,0,6.06E-224,0,1,0,1.40E-144
53448-07-0,0,0,0,0.600221974,0,2.39E-230,0.399778026,2.91E-285,0
53585-13-0,0,0,0,1,0,2.95E-147,3.43E-10,0,4.83E-246
536-59-4,0,0,0,5.56E-53,7.69E-175,8.30E-76,1,0,0
53803-33-1,0,0,0,8.02E-115,3.46E-17,3.25E-159,1,2.59E-277,1.34E-138
53833-85-5,0,0,0,0,0,1,0,0,3.90E-209
539-52-6,0,0,0,1.60E-09,1.14E-189,6.77E-109,0.999999998,0,1.23E-273
539-82-2,0,0,0,1.66E-28,0,1.54E-162,1,0,0
54164-91-9,0,0,0,1,0,9.07E-58,9.84E-23,0,0
54274-73-6,0,0,0,1,1.66E-106,1.76E-31,0,0,0
54298-90-7,0,0,0,1,3.29E-107,3.76E-70,0,0,0
54324-03-7,0,0,0,1.90E-34,1,0,0,0,7.07E-49
543-49-7,0,0,0,0.999962563,0,3.74E-05,0,0,6.25E-63
54410-94-5,0,0,0,6.04E-38,0,1.22E-25,1,0,1.40548088794289e-314
544-12-7,0,0,0,6.73E-30,0,2.34E-47,1,4.47E-118,2.58E-92
544-63-8,0,0,0,6.53E-23,0,4.45E-79,1,0,7.02E-218
544-76-3,0,0,0,1,0,1.38E-48,3.68E-47,0,1.32E-147
544-77-4,0,0,0,1,0,2.30E-206,2.03E-88,0,2.51E-212
5458-59-3,0,0,0,1,3.09E-125,1.52E-60,8.92E-38,5.63E-239,8.40E-225
546-28-1,0,0,0,1,0,2.47E-130,7.59E-73,0,7.17E-119
54632-04-1,0,0,9.73309322307256e-322,1.05E-12,1,1.39E-148,9.00E-73,3.21E-119,0
546-79-2,0,0,0,1,0,2.09E-40,1.37E-38,0,1.24E-145
546-80-5,0,0,0,3.20E-07,3.39E-287,7.97E-33,0,2.00E-12,0.99999968
547-60-4,0,0,0,1,0,2.12E-161,3.38E-31,0,9.60E-266
54862-91-8,0,0,0,1,3.06E-12,1.74E-174,1.29E-72,0,2.06E-257
5508-58-7,0,0,0,7.03E-12,0,1.16E-95,1,0,1.04E-259
552-02-3,0,0,0,1,0,1.71E-34,3.83E-32,5.10E-91,2.50E-43
55255-56-6,0,0,0,3.41E-212,0,8.47E-259,0,3.10E-304,1
55429-84-0,0,0,0,4.01E-06,1.21E-108,5.32E-139,0.999995993,2.31E-39,2.88E-61
555-10-2,1.09E-159,7.90E-160,3.98E-160,9.60E-87,2.39E-69,0.000356934,3.53E-87,1.28E-69,0.999643066
556799-96-3,0,0,0,1,0,1.38E-104,0,0,3.66E-34
556-82-1,0,0,0,0.471648254,6.68E-54,4.26E-88,0.528351746,7.79E-116,2.25E-23
56001-43-5,0,0,0,1,0,1.97E-21,0,0,6.38E-138
560-32-7,0,0,0,1.31E-07,2.76E-22,4.44E-113,0.999999869,3.43E-207,1.19E-100
56192-70-2,0,0,0,4.94E-13,3.49E-05,2.58E-222,0.999965129,1.03E-298,0
561-95-5,0,0,0,0,0,4.77E-165,1,0,6.73E-282
56219-04-6,8.87151625369352e-315,1.58980443518796e-318,1.33E-274,5.64E-50,0.999999998,4.73E-227,1.98E-09,2.38E-307,3.64E-154
562-28-7,0,0,0,1.33E-30,0,1,7.34E-42,1.08E-171,4.13E-27
562-74-3,2.60E-89,4.71E-86,9.51E-90,0.042466004,3.39E-11,0.689374221,0.014552811,2.08E-11,0.253606965
564-94-3,0,0,0,4.02E-18,0,1.14E-64,1,0,7.87E-40
56554-77-9,0,0,0,1,1.93E-37,2.07E-181,8.20E-24,3.22E-151,8.86E-138
5655-61-8,0,0,0,1,2.30E-121,5.54E-11,2.55E-63,3.86E-123,2.08E-52
565-69-5,0,0,1.32E-63,3.19E-09,1.75E-221,1.13E-203,3.18E-17,0,0.999999997
56747-96-7,0,0,0,1.26E-51,4.44E-44,4.72E-187,1,0,6.31E-81
57074-37-0,0,0,0,6.34E-53,9.28E-05,9.74E-119,0.999907175,4.14E-72,0
57082-24-3,0,0,0,1,0,3.39E-166,0,0,2.06E-118
1957/10/3,0,0,0,1,0,2.21E-12,1.08E-60,0,1.28E-99
57119-12-7,0,0,0,1.11E-15,9.02E-165,1.26E-134,4.49E-13,1,0
57129-54-1,1.18575755001899e-322,2.7489812534607e-320,0,0.443824406,0.006201156,8.50E-171,0.549974438,0,1.16E-119
57287-13-5,0,0,0,1,9.67E-55,7.79E-108,3.64E-74,5.96E-82,1.68E-141
57344-99-7,0,0,0,1,0,4.19E-219,2.67E-29,0,1.4368386825721e-310
57402-36-5,0,0,0,1,0,1.69E-55,5.30E-28,0,0
57456-74-3,0,0,0,1,0,9.31E-294,4.90E-13,0,0
57576-09-7,0,0,0,1,0,6.85E-150,4.70E-136,0,2.98E-185
57576-10-0,0,0,0,1,0,8.91E-83,9.78E-16,0,1.43E-219
577-27-5,0,0,0,1,0,4.97E-120,1.15E-50,0,9.53E-94
57856-81-2,0,0,0,2.42E-52,1,1.08E-239,1.72E-31,0,3.67E-138
57866-08-7,0,0,0,0.000498974,0,3.97E-112,0.999501026,0,9.57E-147
579-07-7,0,0,0,9.56E-42,0,1.68E-76,1,0,1.29E-245
5794/3/6,0,0,0,1,1.81E-301,4.14E-219,1.50E-46,0,0
58037-87-9,0,0,0,4.08E-44,1.56E-113,9.62E-110,3.20E-50,1.53E-40,1
58181-76-3,0,0,0,0.99999995,0,3.52E-209,4.97E-08,0,5.42E-90
5856-66-6,0,0,0,1,0,9.05E-116,5.59E-97,0,3.43E-274
58581-03-6,0,0,0,1.12E-146,1.15E-156,1,7.27E-41,1.19E-244,2.08E-246
586-37-8,0,0,0,1,0,1.11E-130,3.57E-63,0,5.10E-283
586-62-9,2.05E-20,4.75E-20,7.53E-21,4.21E-20,7.53E-21,0.308220788,0.663359071,0.028231842,0.000188298
586-63-0,0,0,0,0.062506965,0,3.67E-208,1.05E-09,0.937493034,7.67E-32
586-81-2,0,0,0,0.99988949,0,6.57E-218,0.00011051,0,7.23709157566183e-310
586-82-3,0,0,0,9.55E-45,3.63E-35,2.95E-146,1,8.97E-150,5.64E-162
589-38-8,0.377430524,4.46E-23,0.136759811,0.485809428,0,9.42E-306,2.36E-07,0,1.28E-171
589-98-0,0,0,0,3.54E-93,3.59E-229,5.88E-98,1,0,0
5911/4/6,0.999999747,3.82E-68,2.53E-07,0,0,1.58E-152,2.63E-157,0,0
5912-86-7,0,0,0,6.18E-84,0,3.08E-176,1,0,1.24E-77
591-78-6,1.41E-21,8.79E-81,6.52E-22,1,0,8.95E-57,0,0,0
5921-82-4,0,0,0,1,4.32E-286,9.86E-165,7.80E-13,0,1.00E-206
593-08-8,0,0,0,3.49E-14,0,2.12E-84,1,0,1.73E-129
593-45-3,0,0,0,2.79E-06,0,5.60E-168,0.999997211,0,1.13E-114
593-49-7,0,0,0,1,1.19E-125,6.97E-102,9.18E-42,1.07E-133,0
5937/11/1,7.08E-263,5.17E-263,4.78E-263,1,4.79E-263,1.06E-22,3.19E-195,1.49E-263,5.17E-47
5947-36-4,0,0,0,1,0,5.92E-93,1.14E-73,0,3.11E-227
5947-50-2,0,0,0,1,0,1.67E-126,2.65E-78,0,4.82E-298
5948/4/9,0,0,0,1,0,6.87E-265,3.86E-99,0,3.07E-198
5956/5/8,0,0,0,0.999998906,6.84E-112,6.25E-40,1.09E-06,0,7.46E-87
5957-33-5,0,0,0,2.12E-10,1,6.07E-125,2.81E-21,0,1.17E-159
5957-80-2,0,0,0,7.24E-19,1,1.23E-97,1.51E-14,0,1.11E-85
596-84-9,0,0,0,1,0,5.87E-54,5.56E-61,0,1.79E-195
596-85-0,0,0,0,0,0,0,0,0,1
5975-53-1,0,0,0,1,0,3.49E-94,0,0,2.84E-196
598-07-2,0,0,0,1,0,6.68E-30,2.14E-77,0,3.09E-83
5986-36-7,0,0,0,1.91E-189,0.383750424,9.80E-71,0.616249576,4.43E-199,8.56E-113
5986-49-2,0,0,0,1,4.31E-49,5.45E-105,2.55E-44,9.95E-51,6.89E-251
5988-72-7,0,0,0,9.22E-27,1,4.43E-141,5.25E-20,0,3.82E-105
5989/8/2,0,0,0,2.05E-23,3.98E-122,1.78E-55,1,1.27E-114,1.52E-46
5989-27-5,0,0,0,0.999999998,0,2.24E-126,1.80E-09,0,7.49E-97
5989-33-3,0,0,0,7.53E-28,1.37E-142,1,7.27E-215,0,1.53E-169
5989-54-8,1.60E-111,1.59E-118,3.22E-141,2.97E-86,4.55E-120,9.39E-92,1.89E-97,6.82E-142,1
60-33-3,0,0,0,0.999999998,0,1.78E-09,1.75E-33,1.79E-83,2.00E-126
6066-49-5,1.06E-05,5.37E-12,0.936999844,1.62E-09,0.062989506,3.19E-86,0,1.44909453925238e-320,4.46E-179
60761-00-4,0,0,0,1,0,7.92E-98,4.26E-24,0,0
61129-34-8,0,0,0,2.09E-92,1.46E-108,3.82E-56,1,0,1.35E-125
61141-72-8,0,0,0,0,0,2.02E-213,1,2.02285000937394e-316,4.44E-255
6168-59-8,0,0,0,1.37E-07,0,8.01E-268,0.999999863,0,4.13E-134
617-94-7,0,0,0,0.999999991,0,1.63E-185,9.21E-09,0,0
61886-66-6,0,0,0,1.37E-05,0,8.00E-159,0.999986272,6.39E-81,6.24E-234
619-62-5,0,0,0,3.43E-38,0,8.79E-103,1,0,6.52447223650697e-313
620-23-5,2.75E-268,0,0,1.88E-62,0,2.68E-38,1,1.92E-82,0
1962/10/8,0,0,0,6.17E-13,0,1.02E-96,1,1.40E-282,7.09E-124
62242-52-8,0,0,0,3.00E-29,1,4.02E-108,1.12E-59,0,3.01E-264
62338-17-4,0,0,0,1,3.86E-279,1.95E-224,3.15E-28,0,6.93E-110
6261-18-3,0,0,0,1,0,9.43E-212,1.06E-45,0,5.50E-98
626-93-7,0,0,0,1.01E-09,0.999999999,8.38E-221,4.00E-79,5.60E-54,1.03E-111
628-97-7,0,0,0,7.14E-32,0,1.03E-219,1,2.47032822920623e-323,8.68E-59
629-50-5,0,0,0,0.999574404,0,2.47E-109,0.000425596,0,0
629-54-9,1.04E-169,1.12E-176,2.06E-164,9.72E-173,1.32E-140,1,0,0,0
629-59-4,0,0,0,1,2.04E-177,4.13E-188,0,0,2.29E-146
629-62-9,0,0,0,1.69E-46,0,3.50E-39,1,0,1.23E-191
629-66-3,0,0,0,1,0,2.34E-304,0,0,3.11E-126
629-73-2,0,0,0,0.072543779,0,0,0.927456221,0,1.03E-127
629-78-7,0,0,0,1,0,1.05E-121,0,0,9.08E-223
629-80-1,0,0,0,1,2.96E-64,9.05E-215,1.95E-17,2.96E-294,0
629-82-3,6.24E-28,1.84E-28,5.32E-57,0,1,6.49E-109,0,1.48219693752374e-323,1.10E-243
629-92-5,0,0,0,7.82E-42,0,4.89E-168,1,0,0
629-94-7,0,0,0,1,0,3.99E-69,6.02E-12,7.62E-222,6.70E-302
629-97-0,0,0,0,1.71E-14,4.63E-32,6.15E-50,1,0,1.51E-162
629-99-2,0,0,0,1,0,7.29E-129,6.66E-30,0,4.37E-217
630-01-3,0,0,0,3.52E-09,0.721363364,1.91E-111,0.278636632,0,3.08E-275
630-02-4,0,0,0,2.22E-84,0,1.03E-78,1,0,0
630-03-5,0,0,0,1.58E-75,1,2.10E-76,2.46E-47,0,8.40E-154
637-69-4,0,0,0,1,0,1.37E-180,6.86E-225,0,8.38E-210
6379-72-2,0,0,0,5.36E-12,0,4.25E-50,1,2.37E-306,4.29E-194
6379-73-3,0,0,0,1,0,3.05E-74,6.40E-79,0,2.69E-278
6380-24-1,5.48E-12,0.999999487,2.52E-27,5.13E-07,4.35E-15,1.63E-197,0,0,4.91E-109
638-53-9,2.29E-210,1.15E-158,5.22E-209,4.02E-17,5.72E-133,1,2.68E-201,7.38E-187,2.82E-38
638-66-4,0,0,0,2.67E-21,0,8.81E-65,1,0,7.89E-243
638-67-5,0,0,0,2.11E-56,0,1.54E-180,1,0,0
638-68-6,0.015091934,0.984898363,1.09E-20,9.70E-06,2.98E-101,1.57E-83,0,0,2.97E-46
63891-61-2,0,0,0,1,2.13E-136,1.76E-165,6.09E-26,5.19E-116,1.30E-275
639-99-6,0,0,0,1,0,3.08E-36,0,0,8.76E-157
644-30-4,0,0,0,1,0,3.57E-105,3.84E-90,0,8.43E-279
64461-99-0,2.98E-57,8.94E-63,1.75E-80,2.56E-281,2.09E-231,1,7.54E-83,0,9.49E-59
646-31-1,0,0,0,1.41E-79,3.81E-140,6.23E-180,1,9.47E-112,8.50E-144
64825-84-9,0,0,0,3.02E-15,0,4.85E-166,1,4.73832891842296e-315,3.64E-142
6485-40-1,0,0,0,1,0,4.01E-52,0,0,1.07E-21
65018-14-6,0,0,0,8.56E-25,0,1.03E-94,1,0,5.77E-208
65018-15-7,0,0,0,1.87E-18,0,4.06E-180,1,0,1.30E-73
65293-09-6,0,0,0,1,0,1.08E-80,4.11E-17,4.88E-43,8.66E-51
6544-40-7,0,0,0,0.999993807,6.19E-06,2.38E-145,2.87E-09,1.46E-23,6.67E-133
65-85-0,0,0,0,9.01E-37,1.66E-42,3.01E-116,1,1.56E-48,1.04E-72
659-70-1,0,0,0,1,1.27E-41,0,3.66E-37,0,7.13E-36
66-25-1,0,0,0,9.89E-26,1,3.98E-36,3.92E-12,3.05E-47,1.31E-81
6628/6/4,0,0,0,4.33E-298,1,2.51E-63,1.02E-294,8.94258818972656e-322,7.93E-249
66408-55-7,4.08E-78,3.71E-43,8.29E-42,0.986949542,0,3.71E-108,1.35E-36,0.013050458,3.48E-190
66512-56-9,0,0,0,3.59E-09,5.42E-20,1.93E-78,0.999999996,1.10E-42,1.01E-144
66537-42-6,0,0,0,1,2.67E-166,3.13E-217,0,0,7.22E-150
666-84-2,0,0,0,1,0,1.80E-151,3.07E-59,0,1.32E-249
66873-37-8,0,0,0,3.67E-44,0,2.26E-10,1,0,3.24E-66
66873-38-9,0,0,0,1,0,5.93E-181,1.66E-142,0,1.19E-178
66964-63-4,0,0,0,1,0,1.06E-37,0,0,2.95E-308
6704-50-3,0,0,0,2.22E-35,4.89E-60,3.89E-174,1,3.91E-73,4.29E-65
6712-79-4,0,0,0,0.000250743,0.999749257,0,4.52E-17,6.40E-234,6.26E-114
6728-26-3,0,0,0,3.73E-31,1.39E-140,9.54E-30,1,6.38E-159,1.01E-152
673-84-7,0,0,0,0.855004328,0,0.144995672,0,0,2.00E-97
674819-48-8,0,0,0,1,0,2.69E-187,4.83E-175,0,2.55E-213
6750-60-3,1.21E-284,8.53E-277,4.44E-285,1,0,2.08E-26,1.63E-285,2.61E-286,1.92E-14
6753-98-6,5.51E-53,3.02E-53,2.03E-53,7.75E-07,0.997882174,0.001520447,2.22E-06,3.50E-05,0.000559344
6765-39-5,4.96E-32,1.23E-08,4.48E-12,0.999999988,6.87E-16,2.05E-270,9.23E-14,0,3.18E-177
67883-79-8,1.28E-257,5.27E-251,4.62E-258,1.07E-272,0,1,9.38E-247,1.33E-246,9.47E-236
6789-80-6,0,0,0,0.999999992,4.20E-291,8.01E-09,1.58E-20,0,1.02E-227
6789-88-4,7.39E-260,1.17E-279,2.92E-224,0,0,2.02E-18,0,0,1
6813/5/4,0,0,0,0.000465964,0,6.60E-67,0,0.999534036,6.13E-22
6813-21-4,0,0,0,1.75E-96,0,2.62E-46,1,0,6.74E-81
68133-75-5,0,0,0,5.58E-67,0,1,0,1.03769449063942e-313,0
68269-87-4,0,0,0,3.99E-65,1,3.26E-45,2.77E-162,0,3.55E-97
6831-16-9,0,0,0,5.02E-74,0,5.97E-59,1,6.21E-184,7.94E-206
68705-63-5,0,0,0,0,1,2.58E-75,5.18E-50,0,4.43E-69
68832-35-9,0,0,0,3.40E-30,0,7.54E-93,1,0,0
6892-80-4,0,0,0,2.33E-58,3.55E-139,7.72E-167,1,1.37E-200,1.02E-161
69134-53-8,0,0,0,1.28E-175,1,1.16E-167,0,1.10E-133,0
693-61-8,0,0,0,1,0,1.49E-217,5.67E-99,2.17E-225,0
6938-46-1,0,0,0,1,0,1.78E-65,1.16E-94,2.76E-108,4.27E-285
69394-04-3,0,0,0,9.91E-56,0,1.59E-103,1,0,2.02E-19
69401-36-1,0,0,0,6.25E-41,1,0.00E+00,6.28E-22,1.38E-168,1.06E-199
6975-98-0,0,0,0,0.999999958,0,1.89E-150,4.23E-08,3.47E-182,3.49E-178
6980-46-7,0,0,0,3.38E-34,0,4.28E-98,1,0,4.01E-114
698365-10-5,0,0,0,6.95E-09,1.01E-18,3.15E-191,0.999999993,2.18E-26,2.19E-181
698388-95-3,2.98415650088113e-321,3.18E-304,0,1,0,5.00E-54,7.16E-287,3.30E-265,7.93E-54
69845-62-1,0,0,4.94065645841247e-324,9.03E-203,1.93E-197,0.999978366,0,9.43260861232241e-314,2.16E-05
70000-19-0,0,0,1.13E-153,0.015968471,0,3.38E-51,0.984031529,0,1.31E-120
70191-49-0,0,0,0,1,5.05E-42,3.06E-164,1.98E-13,1.77E-90,6.29E-127
705-86-2,0,0,0,1,0,1.42E-88,1.82E-26,0,0
70954-41-5,0,0,0,6.13E-79,1,2.00E-136,1.08E-99,3.18140761517274e-316,6.70E-146
7132-64-1,0,0,0,0.999848965,2.23E-164,1.42E-173,0.000151035,0,1.52E-286
7154-80-5,0,0,0,9.41E-22,0,6.26E-211,1,0,0
71672-25-8,0.956722251,2.42E-12,4.22E-50,3.60E-34,0,1.18E-180,0,0,0.043277749
71820-56-9,0,0,0,3.92E-32,0,1,7.41E-34,0,7.61E-80
71873-66-0,2.44E-48,1.11E-37,2.58E-71,0,0,1,6.41E-53,0,0
7212-44-4,NA,NA,NA,NA,NA,NA,NA,NA,NA
7216-56-0,0,0,0,3.85E-160,0.189659765,1.04E-71,0.810340235,3.95E-302,2.39E-25
72203-99-7,0,0,0,5.02E-05,0,5.28E-123,0.999949814,0,1.75E-154
7220-78-2,0,0,0,1.55E-113,1,7.77E-133,1.13E-58,0,7.49E-220
72247-00-8,0,0,0,1,4.16E-13,1.38E-154,1.48E-36,3.54E-18,9.44E-155
72687-68-4,0,0,0,1,0,8.16E-84,0,0,1.00E-96
72779-23-8,0,0,0,1.68E-15,0,1.11E-56,1,0,8.32E-109
72917-31-8,4.34E-85,3.28E-124,1.68E-77,8.42E-264,0,0,1,0,0
72934-02-2,0,0,0,0,6.81E-84,0.999999983,0,0,1.71E-08
72937-55-4,0,0,0,2.06E-24,0,2.18E-147,1,0,6.80E-287
729602-94-2,0,0,0,9.28E-29,5.50E-210,1,1.08E-14,0,0
7299-40-3,0,0,0,9.16E-45,0,1.23E-61,1,0,9.58E-222
7299-41-4,0,0,0,1.06E-56,0,2.39E-78,1,0,2.14E-218
7299-42-5,0,0,0,1,0,2.77E-47,0,0,1.35E-236
73019-15-5,0,0,0,1,1.24E-136,9.26E-102,1.69E-147,0,3.37E-210
73109-76-9,0,0,0,4.93E-38,0,1,4.66E-286,0,2.91E-203
73209-42-4,0,0,0,2.12E-42,3.10E-146,8.13E-138,2.66E-45,1,4.23E-53
7333-25-7,0,0,0,2.75E-22,0,1.30E-92,1,0,0
73365-77-2,0,0,0,3.06E-19,2.84E-112,1.38E-17,0.999999187,3.08E-196,8.13E-07
73366-18-4,0,0,0,1,0,4.27E-147,3.03E-40,0,0
73464-47-8,0,0,0,1,0,6.72E-41,2.47E-38,0,1.06E-262
73809-82-2,0,0,0,0.999999971,2.86E-08,1.65E-99,9.75E-34,0,3.32E-85
7541-49-3,1.89E-171,2.66E-113,4.06E-92,1.92E-98,1.49E-222,4.42E-104,1,0,6.15E-131
7564-64-9,3.55E-305,0,1.00408827806592e-316,1,1.47E-176,2.58E-72,0,0,0
76109-40-5,2.14E-279,1.29E-277,7.68352613465607e-315,4.83E-07,3.68E-261,0.999999516,1.22E-289,1.02E-304,1.16E-09
76-22-2,1.51299595234763e-316,6.26999936642584e-317,5.56574189067741e-317,1,4.26665210435584e-318,7.47E-14,1.17E-40,2.04764864633565e-317,8.63E-69
76250-14-1,0,0,0,1,0,6.44E-53,0,0,3.21E-177
76-49-3,8.42E-163,5.85E-162,3.10E-163,8.26E-28,3.33E-78,4.72E-15,4.37E-76,1.22E-78,1
76-50-6,0,0,0,1,0,2.02E-167,1.83E-61,0,3.31E-203
7712-46-1,0,0,0,1,0,5.44E-217,1.04E-52,0,5.99E-113
7715-48-2,0,0,0,0.999999994,1.12E-57,1.11E-217,6.11E-09,0,6.02E-11
77171-55-2,0,0,0,0,0,1.46E-141,0,0,1
77318-47-9,0,0,0,1,0,1.53E-191,3.56E-57,0,1.24E-244
77318-48-0,0,0,0,6.67E-93,0,1.20E-142,1,0,4.25E-126
77-53-2,0,0,0,1,0,2.28E-50,2.28E-67,2.23E-173,4.21E-109
7785-33-3,0,0,0,1,0,6.69E-154,7.66E-13,0,4.52E-148
7786-61-0,0,0,0,1,0,5.46E-158,2.78E-45,0,0
77898-97-6,0,0,0,1.17E-15,3.10E-210,1.46E-89,1,0,2.42E-132
78148-59-1,0,0,0,0,6.45E-35,1.04E-104,1,0,8.73E-162
78204-62-3,0,0,0,0.000144298,6.13E-86,2.41E-125,0.999855702,5.44E-106,5.73E-188
78392-83-3,0,0,0,2.15E-95,0,4.04E-125,1,0,2.63E-225
78548-53-5,0,0,0,0.999834349,0,1.40E-97,0.000165651,0,1.33E-220
78683-81-5,0,0,0,1,0,2.31E-81,8.05E-82,1.09E-103,0
78-70-6,2.58E-194,6.76E-196,4.40E-193,1.36E-133,0,0.001134968,1.37E-104,8.13E-195,0.998865032
78774-33-1,0,0,0,1,0,1.04E-134,0,0,9.38E-25
79120-98-2,0,0,0,0.999964973,0,9.29E-93,3.50E-05,0,0
79560-34-2,0,0,0,0,0,6.57E-31,0,0,1
79-77-6,0,0,0,1.90E-06,2.19E-113,5.81E-110,0.999998105,0,2.73E-154
79-92-5,3.09E-62,1.14E-62,1.14E-62,0.00343508,0.000559957,0.727019466,0.001263831,0.000205996,0.26751567
8013-00-1,0,0,0,6.33E-18,1.91E-99,6.64E-153,1,3.84E-99,1.74E-117
80-26-2,8.64106866752371e-313,3.19788923484589e-313,3.17897824903691e-313,3.33E-305,3.17839752457323e-313,2.32E-56,1,1.15384860506177e-313,1.22E-72
80-53-5,0,0,0,1,0,5.10E-114,2.89E-111,0,8.82055397520377e-320
80-56-8,4.00E-17,3.57E-14,1.47E-17,1.09E-17,0.5,0.5,5.41E-18,4.68E-18,5.90E-18
80-57-9,0,0,0,1.31E-11,0,1,3.00E-29,0,1.95E-25
81370-73-2,0,0,0,5.20E-19,1,3.66E-114,1.80E-26,0,2.36E-103
81939-29-9,0,0,0,2.15E-148,2.57E-136,1,2.72E-70,1.11E-157,2.45E-86
821-55-6,0,0,0,0,0,4.11E-15,0,0,1
82189-85-3,0,0,0,1,0,5.45E-293,3.05E-31,2.40E-235,0
821-97-6,0,0,0,1,0,5.27E-232,1.51E-14,0,1.31E-298
822-66-2,0,0,0,7.09E-107,0,1.08E-137,1,0,1.33E-172
82508-14-3,0,0,0,1,1.70E-215,2.98E-175,4.21E-15,2.07E-78,1.02E-122
82508-15-4,0,0,0,1,1.28E-107,5.93E-121,1.16E-23,3.00E-226,3.62E-61
84-66-2,0,0,0,2.06E-98,8.21E-150,1.14E-39,3.16E-138,0,1
84-69-5,0,0,0,4.08E-31,0,2.15E-63,1,0,0
847374-82-7,0,0,0,3.85E-169,2.23238775068064e-311,1.11E-100,1,0,6.5895430831739e-314
84-74-2,0,0,0,3.70E-222,8.24E-65,2.74E-102,1,0,0
1985/1/8,0,0,0,1.67E-46,0,2.88E-73,1,0,5.00E-174
85409-36-5,0,0,0,1.29E-85,2.81E-65,4.51E-107,1,0,2.92E-133
855270-07-4,0,0,0,1,1.57E-13,6.92E-171,2.63E-23,2.68607780356348e-317,3.16E-258
85710-39-0,0,0,0,0.122831817,0.874303394,9.18E-190,0.002864788,0,6.90E-268
872-05-9,0,0,0,7.23E-123,0,2.75E-178,1,0,1.15E-14
87-44-5,2.93E-60,2.43E-59,1.08E-60,9.30E-09,0.00020679,0.999142086,1.53E-08,3.72E-05,0.000613944
87-51-4,0,0,0,1,0,2.84E-99,5.99E-67,0,4.88E-70
88191-46-2,0,0,0,1.09E-25,1.49E-242,4.87E-188,1,4.45E-135,2.21E-129
88494-77-3,0,0,0,1,0,1.52E-99,0,0,5.03E-267
88728-58-9,0,0,0,0.999998472,8.14E-226,1.65E-119,1.53E-06,5.88E-225,0
88-84-6,0,0,0,1.99E-69,3.33E-127,0,1,0,9.83E-75
88-99-3,0,0,0,8.55E-26,0,2.21E-241,1,0,1.01E-150
89618-20-2,0,0,0,6.09E-79,0,1,4.89E-37,0,2.11E-39
89-79-2,0,0,0,1.60E-05,9.98E-85,9.67E-112,0.999984027,0,2.61E-216
89-80-5,0,0,0,0,0,3.12E-59,1,0,7.42E-53
89-81-6,0,0,0,1,0,2.64E-88,1.07E-65,0,3.36E-73
89-82-7,0,0,0,1,0,3.07E-134,7.63E-37,0,1.44E-294
89-83-8,0,0,0,1,3.28E-173,1.63E-154,1.87E-11,2.36E-179,1.61E-79
1990/5/1,0,0,0,8.24E-12,0,2.11E-187,1,0,0
90-15-3,0,0,0,1.96E-05,0.99998041,2.95E-73,3.69E-29,0,8.04E-220
91050-14-5,0,0,0,4.19E-11,0,2.20E-199,1,0,1.34E-115
1991/10/1,1.77E-272,2.06E-269,2.05E-243,1,0,9.00E-81,9.61E-45,4.67E-241,1.90E-103
91-20-3,0,0,0,9.88E-06,0,1.72E-69,0.999990123,0,1.08E-274
913176-41-7,0,0,0,5.50E-43,5.43E-16,1.98E-91,1,0,0
913972-09-5,0,0,0,1,0,5.81E-107,3.14E-22,1.41837052141964e-313,3.71E-190
915392-38-0,0,0,0,1,3.06E-65,1.89E-105,4.78E-54,0,1.73E-78
91-64-5,0,0,0,2.22E-82,0,2.36E-142,1,0,1.02E-244
91819-58-8,0,0,0,1,5.65309911971554e-320,1.70E-36,4.84E-42,0,1.61E-99
92353-11-2,0,0,0,1.47E-81,0,2.68E-115,1,0,0
92760-25-3,0,0,0,1.02E-07,0,1.09E-28,0.999999882,2.87E-253,1.60E-08
928-95-0,2.85E-260,1.02E-272,0,1,1.18E-173,3.52E-20,0,0,1.73E-292
928-96-1,0,0,0,1,4.59E-247,5.81E-107,1.78E-90,3.33E-149,4.20E-145
928-97-2,0,0,0,4.41E-06,0.999995589,5.61E-119,1.47E-48,8.90E-15,2.07E-209
929285-30-3,0,0,0,1.72E-69,0,3.30E-81,7.26E-52,0,1
1993/10/7,0,0,0,1,0,1.01E-105,4.02E-121,0,0
931410-54-7,0,0,0,6.91E-09,0,2.47E-142,0.999999993,0,1.80E-117
93-15-2,0,0,0,2.77E-36,8.73E-64,4.81E-135,0.990353441,6.41E-76,0.009646559
93-16-3,0,0,0,1.03E-38,1.10E-52,1.38E-155,1,3.23E-63,1.16E-23
935-00-2,7.57E-11,1.54E-33,0.989207698,4.98E-07,0.010790915,8.89E-07,4.22E-49,0,8.17E-90
93-51-6,0,0,0,2.47E-139,0,6.59E-237,1,0,1.18E-21
93-58-3,0,0,0,1.08E-11,0,7.90E-141,1,0,5.28140315897061e-317
93-89-0,0,0,0,0,0,1,0,0,1.35E-92
94200-10-9,0,0,0,4.98E-88,0,7.47E-56,1,0,0
94-46-2,0,0,0,1,1.50E-97,5.03E-230,0,0,0
94482-89-0,0,0,0,1,0,9.34E-25,2.21E-57,0,0
94-48-4,0,0,0,1,4.52E-67,1.59E-153,1.55E-19,0,1.62E-182
94-59-7,0,0,0,0.999887312,0.000112688,2.02E-55,4.64E-11,5.74663090584273e-312,1.40E-123
95452-08-7,0,0,0,9.67E-24,0.063533664,9.64E-97,7.11E-19,0.936466336,3.62E-211
95-48-7,0,0,0,4.14E-63,0,6.37E-11,1,0,3.25E-148
95-65-8,0,0,0,1,0,3.19E-134,7.44E-59,0,2.20E-218
95910-36-4,0,0,0,1,0,9.32E-56,0,0,0
96-76-4,2.10E-81,6.57E-76,9.06E-126,2.12E-79,0,1,0,0,0
97-53-0,0,0,0,1,3.62E-58,1.25E-179,8.36E-15,0,6.53E-175
1998/1/1,0,0,0,1,3.29E-217,2.23E-98,3.11E-204,0,1.85E-77
98-55-5,1.93E-57,3.26E-65,7.57E-66,1.82E-06,0.109884762,0.57442433,6.93E-59,0.04042684,0.275262246
98-83-9,0,0,0,1,0,2.57E-94,0,0,2.33E-162
98-86-2,0,0,0,1,0,1.12E-166,1.61E-43,0,5.25E-37
99172-18-6,0,0,0,6.18E-07,0,8.90E-149,0.999999382,0,1.05E-96
99-49-0,0,0,0,1,0,1.17E-94,3.80E-22,0,1.86E-24
99-83-2,2.91E-273,3.99E-273,7.37E-273,7.79E-23,6.63E-128,0.986109055,9.55E-155,6.55E-131,0.013890945
99-84-3,0,0,0,3.84E-80,0,2.21E-59,1,0,6.04E-202
99-85-4,2.12E-65,2.45E-58,7.80E-66,0.005256808,2.35E-10,0.990933662,0.001933929,8.64E-11,0.001875601
99-86-5,3.72E-60,3.44E-50,1.37E-60,0.001322446,1.68E-60,0.729771764,0.000432254,1.96E-06,0.268471574
99-87-6,4.31E-114,2.85E-115,2.79E-107,3.07E-102,3.75E-102,0.9999933,5.15E-115,6.09E-115,6.70E-06
